target_start_utc,decision_time_utc,realised_price_gbp_mwh,frozen_prediction_gbp_mwh,previous_settlement_day_reference_gbp_mwh,ewma_correction_gbp_mwh,ewma_prediction_gbp_mwh,ewma_abs_error_gbp_mwh,ewma_history_rows,ewma_history_latest_target_utc,ewma_interval_lower_gbp_mwh,ewma_interval_upper_gbp_mwh,ewma_interval_covered
2026-08-15 07:30:00+00:00,2026-08-15 05:30:00+00:00,129.24,117.30920995835862,124.95,15.231399122646424,132.54060908100504,3.3006090810050353,1619,2026-08-15T05:00:00+00:00,97.81690615174288,167.26431201026722,True
2026-08-15 08:00:00+00:00,2026-08-15 06:00:00+00:00,128.87,125.44836722563814,117.48,15.247619831886627,140.69598705752477,11.82598705752477,1620,2026-08-15T05:30:00+00:00,105.9722841282626,175.41968998678692,True
2026-08-15 08:30:00+00:00,2026-08-15 06:30:00+00:00,130.44,94.18102062239448,116.52,15.16242441569788,109.34344503809237,21.09655496190763,1621,2026-08-15T06:00:00+00:00,74.6197421088302,144.0671479673545,True
2026-08-15 09:00:00+00:00,2026-08-15 07:00:00+00:00,134.43,111.21145669038744,115.52,15.21303308807812,126.42448977846556,8.00551022153445,1622,2026-08-15T06:30:00+00:00,91.7007868492034,161.14819270772773,True
2026-08-15 09:30:00+00:00,2026-08-15 07:30:00+00:00,138.83,101.00793652149254,111.58,15.15811636682276,116.1660528883153,22.663947111684706,1623,2026-08-15T07:00:00+00:00,81.44234995905313,150.88975581757745,True
2026-08-15 10:00:00+00:00,2026-08-15 08:00:00+00:00,137.77,92.2832646840586,106.34,15.111846830372313,107.39511151443091,30.3748884855691,1624,2026-08-15T07:30:00+00:00,72.67140858516876,142.11881444369305,True
2026-08-15 10:30:00+00:00,2026-08-15 08:30:00+00:00,130.15,94.32375876516892,110.82,14.94424655358681,109.26800531875573,20.88199468124428,1625,2026-08-15T08:00:00+00:00,74.54430238949357,143.99170824801791,True
2026-08-15 11:00:00+00:00,2026-08-15 09:00:00+00:00,127.15,98.41513857123496,112.37000000000002,15.24983164414164,113.6649702153766,13.485029784623407,1626,2026-08-15T08:30:00+00:00,78.94126728611444,148.38867314463874,True
2026-08-15 11:30:00+00:00,2026-08-15 09:30:00+00:00,123.97,101.95935863077024,109.15,15.364077480390264,117.3234361111605,6.646563888839495,1627,2026-08-15T09:00:00+00:00,82.59973318189833,152.04713904042268,True
2026-08-15 12:00:00+00:00,2026-08-15 10:00:00+00:00,123.11,107.36929891091668,107.43,15.686053164606577,123.05535207552326,0.05464792447673972,1628,2026-08-15T09:30:00+00:00,88.3316491462611,157.7790550047854,True
2026-08-15 12:30:00+00:00,2026-08-15 10:30:00+00:00,122.11,104.87881008016188,106.44,16.113299625023146,120.99210970518503,1.1178902948149698,1629,2026-08-15T10:00:00+00:00,86.26840677592286,155.71581263444716,True
2026-08-15 13:00:00+00:00,2026-08-15 11:00:00+00:00,122.64,96.0630751990016,104.0,16.39592015311747,112.45899535211908,10.181004647880926,1630,2026-08-15T10:30:00+00:00,77.7352924228569,147.1826982813812,True
2026-08-15 13:30:00+00:00,2026-08-15 11:30:00+00:00,122.11,96.85078217647138,105.96,16.57282110318727,113.42360327965865,8.68639672034135,1631,2026-08-15T11:00:00+00:00,78.69990035039649,148.1473062089208,True
2026-08-15 14:00:00+00:00,2026-08-15 12:00:00+00:00,122.69,97.52547636750458,103.46,16.65078205217642,114.176258419681,8.513741580318992,1632,2026-08-15T11:30:00+00:00,79.45255549041885,148.89996134894315,True
2026-08-15 14:30:00+00:00,2026-08-15 12:30:00+00:00,120.70000000000002,100.59582628019707,107.88,16.637734402186457,117.23356068238353,3.4664393176164907,1633,2026-08-15T12:00:00+00:00,82.50985775312138,151.9572636116457,True
2026-08-15 15:00:00+00:00,2026-08-15 13:00:00+00:00,132.98,105.92904903108897,124.87,16.646242656059393,122.57529168714836,10.404708312851625,1634,2026-08-15T12:30:00+00:00,87.85158875788619,157.2989946164105,True
2026-08-15 15:30:00+00:00,2026-08-15 13:30:00+00:00,126.69,112.36863045727848,132.42,16.788616873346765,129.15724733062524,2.4672473306252414,1635,2026-08-15T13:00:00+00:00,94.4335444013631,163.8809502598874,True
2026-08-15 16:00:00+00:00,2026-08-15 14:00:00+00:00,150.8,117.893825714704,175.91,16.910058196574433,134.80388391127843,15.996116088721578,1636,2026-08-15T13:30:00+00:00,100.08018098201626,169.52758684054058,True
2026-08-15 16:30:00+00:00,2026-08-15 14:30:00+00:00,156.84,121.97571749328988,172.69,17.028400827867074,139.00411832115697,17.835881678843037,1637,2026-08-15T14:00:00+00:00,104.2804153918948,173.72782125041914,True
2026-08-15 17:00:00+00:00,2026-08-15 15:00:00+00:00,158.27,122.24717122702968,191.92,17.072497572849002,139.31966879987868,18.950331200121326,1638,2026-08-15T14:30:00+00:00,104.59596587061651,174.0433717291408,True
2026-08-15 17:30:00+00:00,2026-08-15 15:30:00+00:00,159.58,139.15818191267388,191.87,17.215556677074023,156.37373858974792,3.2062614102520968,1639,2026-08-15T15:00:00+00:00,121.65003566048574,191.09744151901006,True
2026-08-15 18:00:00+00:00,2026-08-15 16:00:00+00:00,165.41,129.15878388912768,184.09,17.17406329102853,146.3328471801562,19.077152819843803,1640,2026-08-15T15:30:00+00:00,111.60914425089405,181.05655010941837,True
2026-08-15 18:30:00+00:00,2026-08-15 16:30:00+00:00,166.12,160.87806203880092,191.93,17.399611441335395,178.27767348013631,12.15767348013631,1641,2026-08-15T16:00:00+00:00,143.55397055087417,213.0013764093985,True
2026-08-15 19:00:00+00:00,2026-08-15 17:00:00+00:00,164.51,157.38885572236111,184.04,17.64999896122675,175.03885468358786,10.528854683587866,1642,2026-08-15T16:30:00+00:00,140.3151517543257,209.76255761285003,True
2026-08-15 19:30:00+00:00,2026-08-15 17:30:00+00:00,168.45,153.3815763384038,182.83,17.91340657266844,171.29498291107222,2.844982911072236,1643,2026-08-15T17:00:00+00:00,136.57127998181008,206.01868584033443,True
2026-08-15 20:00:00+00:00,2026-08-15 18:00:00+00:00,167.4,150.15965115792966,168.92,17.949369170284513,168.10902032821417,0.7090203282141658,1644,2026-08-15T17:30:00+00:00,133.385317398952,202.83272325747635,True
2026-08-15 20:30:00+00:00,2026-08-15 18:30:00+00:00,165.89,152.7661212463152,157.61,18.211759114402074,170.97788036071728,5.087880360717293,1645,2026-08-15T18:00:00+00:00,136.2541774314551,205.7015832899794,True
2026-08-15 21:00:00+00:00,2026-08-15 19:00:00+00:00,167.09,147.93675612725383,155.78,18.025813364847462,165.9625694921013,1.1274305078987084,1646,2026-08-15T18:30:00+00:00,131.23886656283915,200.68627242136347,True
2026-08-15 21:30:00+00:00,2026-08-15 19:30:00+00:00,159.41,143.177016211335,149.92,17.869475290242345,161.04649150157735,1.6364915015773533,1647,2026-08-15T19:00:00+00:00,126.32278857231519,195.77019443083952,True
2026-08-15 22:00:00+00:00,2026-08-15 20:00:00+00:00,152.58,146.05933947623268,131.94,17.829317169442,163.88865664567467,11.30865664567466,1648,2026-08-15T19:30:00+00:00,129.16495371641253,198.61235957493685,True
2026-08-15 22:30:00+00:00,2026-08-15 20:30:00+00:00,145.95,142.16081157603318,135.91,17.82087324752487,159.98168482355806,14.031684823558066,1649,2026-08-15T20:00:00+00:00,125.2579818942959,194.7053877528202,True
2026-08-15 23:00:00+00:00,2026-08-15 21:00:00+00:00,147.47,139.08066999682205,137.23,17.753533370475523,156.83420336729756,9.364203367297563,1650,2026-08-15T20:30:00+00:00,122.1105004380354,191.55790629655974,True
2026-08-15 23:30:00+00:00,2026-08-15 21:30:00+00:00,145.12,140.57257007847855,137.68,17.773600741908716,158.34617082038727,13.226170820387267,1651,2026-08-15T21:00:00+00:00,123.62246789112513,193.06987374964942,True
2026-08-16 00:00:00+00:00,2026-08-15 22:00:00+00:00,137.46,130.97115003909585,137.68,17.75151322267754,148.7226632617734,11.262663261773383,1652,2026-08-15T21:30:00+00:00,113.99896033251123,183.44636619103557,True
2026-08-16 00:30:00+00:00,2026-08-15 22:30:00+00:00,135.16,125.81696576624668,131.92,17.59049871842503,143.40746448467172,8.247464484671724,1653,2026-08-15T22:00:00+00:00,108.68376155540955,178.13116741393387,True
2026-08-16 01:00:00+00:00,2026-08-15 23:00:00+00:00,133.03,121.8444976722462,136.78,17.392632074219865,139.23712974646608,6.20712974646608,1654,2026-08-15T22:30:00+00:00,104.5134268172039,173.96083267572823,True
2026-08-16 01:30:00+00:00,2026-08-15 23:30:00+00:00,135.54,127.48606753392863,138.56,17.26355352083956,144.7496210547682,9.209621054768206,1655,2026-08-15T23:00:00+00:00,110.02591812550604,179.47332398403037,True
2026-08-16 02:00:00+00:00,2026-08-16 00:00:00+00:00,141.61,126.80775368793113,141.01,17.081244982721806,143.88899867065294,2.278998670652925,1656,2026-08-15T23:30:00+00:00,109.16529574139076,178.61270159991508,True
2026-08-16 02:30:00+00:00,2026-08-16 00:30:00+00:00,140.26,120.19054350652291,134.26,16.929383919363186,137.1199274258861,3.1400725741139013,1657,2026-08-16T00:00:00+00:00,102.39622449662396,171.84363035514826,True
2026-08-16 03:00:00+00:00,2026-08-16 01:00:00+00:00,137.57,122.94205886092962,141.76,16.82061993087017,139.7626787917998,2.192678791799807,1658,2026-08-16T00:30:00+00:00,105.03897586253763,174.48638172106195,True
2026-08-16 03:30:00+00:00,2026-08-16 01:30:00+00:00,139.3,123.0030867096255,135.78,16.73983036915192,139.74291707877742,0.4429170787774126,1659,2026-08-16T01:00:00+00:00,105.01921414951526,174.4666200080396,True
2026-08-16 04:00:00+00:00,2026-08-16 02:00:00+00:00,145.89,128.95180823909214,135.72,16.615302376279008,145.56711061537115,0.3228893846288372,1660,2026-08-16T01:30:00+00:00,110.843407686109,180.29081354463332,True
2026-08-16 04:30:00+00:00,2026-08-16 02:30:00+00:00,144.88,136.99134505505558,141.69,16.58930895163123,153.5806540066868,8.700654006686818,1661,2026-08-16T02:00:00+00:00,118.85695107742464,188.30435693594896,True
2026-08-16 05:00:00+00:00,2026-08-16 03:00:00+00:00,142.25,134.34677980531856,139.66,16.639203135643392,150.98598294096195,8.735982940961946,1662,2026-08-16T02:30:00+00:00,116.2622800116998,185.7096858702241,True
2026-08-16 05:30:00+00:00,2026-08-16 03:30:00+00:00,147.74,132.19362657523993,150.11,16.610368071914916,148.80399464715484,1.0639946471548285,1663,2026-08-16T03:00:00+00:00,114.08029171789268,183.527697576417,True
2026-08-16 06:00:00+00:00,2026-08-16 04:00:00+00:00,125.8,131.964066491907,129.3,16.60587413297652,148.56994062488351,22.769940624883517,1664,2026-08-16T03:30:00+00:00,113.84623769562137,183.29364355414566,True
2026-08-16 06:30:00+00:00,2026-08-16 04:30:00+00:00,137.91,137.74709559650594,139.46,16.610638504796707,154.35773410130264,16.447734101302643,1665,2026-08-16T04:00:00+00:00,119.6340311720405,189.08143703056479,True
2026-08-16 07:00:00+00:00,2026-08-16 05:00:00+00:00,129.84,131.1343750340051,135.92,16.4855931590311,147.61996819303621,17.77996819303621,1666,2026-08-16T04:30:00+00:00,112.89626526377404,182.34367112229836,True
2026-08-16 07:30:00+00:00,2026-08-16 05:30:00+00:00,136.12,126.05513978268618,129.24,16.362549382641074,142.41768916532726,6.297689165327256,1667,2026-08-16T05:00:00+00:00,107.6939862360651,177.14139209458943,True
2026-08-16 08:00:00+00:00,2026-08-16 06:00:00+00:00,138.94,130.78813690197828,128.87,16.350848030057875,147.13898493203615,8.198984932036154,1668,2026-08-16T05:30:00+00:00,112.41528200277399,181.8626878612983,True
2026-08-16 08:30:00+00:00,2026-08-16 06:30:00+00:00,139.06,100.06523716989024,130.44,16.0280561729123,116.09329334280254,22.966706657197463,1669,2026-08-16T06:00:00+00:00,81.36959041354038,150.8169962720647,True
2026-08-16 09:00:00+00:00,2026-08-16 07:00:00+00:00,143.18,121.58183396092667,134.43,15.800600643443218,137.3824346043699,5.797565395630102,1670,2026-08-16T06:30:00+00:00,102.65873167510775,172.10613753363208,True
2026-08-16 09:30:00+00:00,2026-08-16 07:30:00+00:00,141.47,106.65080130925904,138.83,15.555513372896703,122.20631468215574,19.263685317844264,1671,2026-08-16T07:00:00+00:00,87.48261175289358,156.9300176114179,True
2026-08-16 10:00:00+00:00,2026-08-16 08:00:00+00:00,133.21,115.36233083536658,137.77,15.476794969266907,130.83912580463348,2.3708741953665253,1672,2026-08-16T07:30:00+00:00,96.11542287537132,165.56282873389563,True
2026-08-16 10:30:00+00:00,2026-08-16 08:30:00+00:00,130.26,115.8438411027726,130.15,15.371778876051327,131.21561997882392,0.9556199788239326,1673,2026-08-16T08:00:00+00:00,96.49191704956175,165.93932290808607,True
2026-08-16 11:00:00+00:00,2026-08-16 09:00:00+00:00,129.25,115.85269716607176,127.15,15.710456904537448,131.56315407060922,2.3131540706092153,1674,2026-08-16T08:30:00+00:00,96.83945114134704,166.28685699987133,True
2026-08-16 11:30:00+00:00,2026-08-16 09:30:00+00:00,122.06,119.23488919440038,123.97,15.794867820866273,135.02975701526665,12.969757015266651,1675,2026-08-16T09:00:00+00:00,100.3060540860045,169.7534599445288,True
2026-08-16 12:00:00+00:00,2026-08-16 10:00:00+00:00,124.27,115.66158801943826,123.11,16.067615873559433,131.7292038929977,7.4592038929977065,1676,2026-08-16T09:30:00+00:00,97.00550096373553,166.45290682225982,True
2026-08-16 12:30:00+00:00,2026-08-16 10:30:00+00:00,115.98,107.4025219799982,122.11,16.093136144004216,123.49565812400242,7.515658124002414,1677,2026-08-16T10:00:00+00:00,88.77195519474026,158.21936105326458,True
2026-08-16 13:00:00+00:00,2026-08-16 11:00:00+00:00,115.88,108.30952676600036,122.64,16.069093654331535,124.3786204203319,8.498620420331903,1678,2026-08-16T10:30:00+00:00,89.65491749106972,159.10232334959403,True
2026-08-16 13:30:00+00:00,2026-08-16 11:30:00+00:00,115.09000000000002,109.9278899972235,122.11,16.030788720063306,125.9586787172868,10.868678717286784,1679,2026-08-16T11:00:00+00:00,91.23497578802466,160.68238164654895,True
2026-08-16 14:00:00+00:00,2026-08-16 12:00:00+00:00,113.98,104.60118137427864,122.69,15.841461538976468,120.4426429132551,6.462642913255095,1680,2026-08-16T11:30:00+00:00,85.71893998399295,155.16634584251727,True
2026-08-16 14:30:00+00:00,2026-08-16 12:30:00+00:00,115.64,113.53759482656815,120.70000000000002,15.737762744228824,129.27535757079698,13.635357570796984,1681,2026-08-16T12:00:00+00:00,94.55165464153481,163.99906050005913,True
2026-08-16 15:00:00+00:00,2026-08-16 13:00:00+00:00,131.88,106.19998252057329,132.98,15.635107164454979,121.83508968502827,10.04491031497173,1682,2026-08-16T12:30:00+00:00,87.1113867557661,156.5587926142904,True
2026-08-16 15:30:00+00:00,2026-08-16 13:30:00+00:00,145.56000000000003,113.2865918634476,126.69,15.519486109751211,128.8060779731988,16.753922026801234,1683,2026-08-16T13:00:00+00:00,94.08237504393665,163.52978090246097,True
2026-08-16 16:00:00+00:00,2026-08-16 14:00:00+00:00,180.02,117.45185411491128,150.8,15.370994465892581,132.82284858080388,47.19715141919613,1684,2026-08-16T13:30:00+00:00,98.0991456515417,167.54655151006602,False
2026-08-16 16:30:00+00:00,2026-08-16 14:30:00+00:00,181.59,119.8795221092249,156.84,15.285085831156648,135.16460794038153,46.425392059618474,1685,2026-08-16T14:00:00+00:00,100.44090501111938,169.88831086964368,False
2026-08-16 17:00:00+00:00,2026-08-16 15:00:00+00:00,179.41,125.10463194718386,158.27,15.096088357171961,140.20072030435583,39.20927969564417,1686,2026-08-16T14:30:00+00:00,105.47701737509367,174.924423233618,False
2026-08-16 17:30:00+00:00,2026-08-16 15:30:00+00:00,183.0,145.0148264569026,159.58,15.247828046608046,160.26265450351065,22.737345496489354,1687,2026-08-16T15:00:00+00:00,125.53895157424849,194.98635743277282,True
2026-08-16 18:00:00+00:00,2026-08-16 16:00:00+00:00,186.93,155.92535272209116,165.41,15.491920406399487,171.41727312849065,15.512726871509358,1688,2026-08-16T15:30:00+00:00,136.69357019922847,206.1409760577528,True
2026-08-16 18:30:00+00:00,2026-08-16 16:30:00+00:00,182.05,189.8261915317368,166.12,16.166842899874446,205.99303443161125,23.94303443161124,1689,2026-08-16T16:00:00+00:00,171.26933150234908,240.7167373608734,True
2026-08-16 19:00:00+00:00,2026-08-16 17:00:00+00:00,185.74,174.714485618357,164.51,16.81979294795924,191.53427856631623,5.794278566316223,1690,2026-08-16T16:30:00+00:00,156.81057563705406,226.25798149557843,True
2026-08-16 19:30:00+00:00,2026-08-16 17:30:00+00:00,189.35,166.6691645946482,168.45,17.357216192109252,184.02638078675747,5.323619213242523,1691,2026-08-16T17:00:00+00:00,149.30267785749533,218.75008371601962,True
2026-08-16 20:00:00+00:00,2026-08-16 18:00:00+00:00,184.46,166.46710483649096,167.4,17.652955119116285,184.12005995560725,0.3399400443927618,1692,2026-08-16T17:30:00+00:00,149.3963570263451,218.8437628848694,True
2026-08-16 20:30:00+00:00,2026-08-16 18:30:00+00:00,180.33,164.99268594574036,165.89,17.844375677418874,182.83706162315923,2.507061623159217,1693,2026-08-16T18:00:00+00:00,148.11335869389708,217.56076455242138,True
2026-08-16 21:00:00+00:00,2026-08-16 19:00:00+00:00,178.12,154.13321416199986,167.09,17.47705869460675,171.6102728566066,6.509727143393405,1694,2026-08-16T18:30:00+00:00,136.88656992734445,206.33397578586874,True
2026-08-16 21:30:00+00:00,2026-08-16 19:30:00+00:00,165.75,157.9798753593473,159.41,17.384564185325598,175.36443954467288,9.614439544672877,1695,2026-08-16T19:00:00+00:00,140.6407366154107,210.08814247393502,True
2026-08-16 22:00:00+00:00,2026-08-16 20:00:00+00:00,166.6,158.84159434195684,152.58,17.460495773756556,176.30209011571338,9.70209011571339,1696,2026-08-16T19:30:00+00:00,141.57838718645124,211.02579304497547,True
2026-08-16 22:30:00+00:00,2026-08-16 20:30:00+00:00,165.19,149.82559752962212,145.95,17.468128678051702,167.2937262076738,2.103726207673816,1697,2026-08-16T20:00:00+00:00,132.57002327841167,202.01742913693593,True
2026-08-16 23:00:00+00:00,2026-08-16 21:00:00+00:00,165.73,147.9852011206512,147.47,17.437579612055124,165.42278073270631,0.3072192672936751,1698,2026-08-16T20:30:00+00:00,130.69907780344417,200.1464836619685,True
2026-08-16 23:30:00+00:00,2026-08-16 21:30:00+00:00,164.9,146.6120584584149,145.12,17.53147428078302,164.14353273919792,0.7564672608020828,1699,2026-08-16T21:00:00+00:00,129.41982980993578,198.86723566846007,True
2026-08-17 00:00:00+00:00,2026-08-16 22:00:00+00:00,160.86,132.8927945613954,137.46,17.391527749985745,150.28432231138115,10.575677688618867,1700,2026-08-16T21:30:00+00:00,115.56061938211899,185.0080252406433,True
2026-08-17 00:30:00+00:00,2026-08-16 22:30:00+00:00,155.7,138.91899778184546,135.16,17.253419592075772,156.17241737392123,0.47241737392124605,1701,2026-08-16T22:00:00+00:00,121.44871444465907,190.8961203031834,True
2026-08-17 01:00:00+00:00,2026-08-16 23:00:00+00:00,156.77,138.32028729933808,133.03,17.226337128836136,155.5466244281742,1.2233755718258124,1702,2026-08-16T22:30:00+00:00,120.82292149891205,190.27032735743637,True
2026-08-17 01:30:00+00:00,2026-08-16 23:30:00+00:00,154.31,140.67876504133605,135.54,17.233770211966046,157.9125352533021,3.6025352533021078,1703,2026-08-16T23:00:00+00:00,123.18883232403992,192.63623818256423,True
2026-08-17 02:00:00+00:00,2026-08-17 00:00:00+00:00,152.45,141.60346547887318,141.61,17.248883656918316,158.85234913579148,6.402349135791496,1704,2026-08-16T23:30:00+00:00,124.12864620652934,193.57605206505363,True
2026-08-17 02:30:00+00:00,2026-08-17 00:30:00+00:00,153.06,138.44095765506546,140.26,17.402550107216026,155.8435077622815,2.783507762281488,1705,2026-08-17T00:00:00+00:00,121.11980483301933,190.56721069154366,True
2026-08-17 03:00:00+00:00,2026-08-17 01:00:00+00:00,154.6,135.24039406182675,137.57,17.393639098594754,152.6340331604215,1.965966839578499,1706,2026-08-17T00:30:00+00:00,117.91033023115935,187.35773608968367,True
2026-08-17 03:30:00+00:00,2026-08-17 01:30:00+00:00,152.99,139.7864327626678,139.3,17.408779816049233,157.19521257871702,4.20521257871701,1707,2026-08-17T01:00:00+00:00,122.47150964945487,191.9189155079792,True
2026-08-17 04:00:00+00:00,2026-08-17 02:00:00+00:00,175.77,139.35530916778742,145.89,17.354621905800073,156.70993107358748,19.060068926412526,1708,2026-08-17T01:30:00+00:00,121.98622814432534,191.43363400284966,True
2026-08-17 04:30:00+00:00,2026-08-17 02:30:00+00:00,178.44,139.90378710391792,144.88,17.26131674973192,157.16510385364984,21.27489614635016,1709,2026-08-17T02:00:00+00:00,122.44140092438768,191.888806782912,True
2026-08-17 05:00:00+00:00,2026-08-17 03:00:00+00:00,195.67,143.43362681696263,142.25,17.22343498645151,160.65706180341414,35.01293819658585,1710,2026-08-17T02:30:00+00:00,125.93335887415199,195.38076473267628,False
2026-08-17 05:30:00+00:00,2026-08-17 03:30:00+00:00,203.89,146.35617355983254,147.74,17.25406084505752,163.61023440489006,40.27976559510992,1711,2026-08-17T03:00:00+00:00,128.8865314756279,198.33393733415224,False
2026-08-17 06:00:00+00:00,2026-08-17 04:00:00+00:00,186.97,142.72495666822917,125.8,17.195989722793303,159.92094639102248,27.049053608977516,1712,2026-08-17T03:30:00+00:00,125.1972434617603,194.64464932028463,True
2026-08-17 06:30:00+00:00,2026-08-17 04:30:00+00:00,192.42,169.73208154522516,137.91,17.471524422997636,187.2036059682228,5.216394031777185,1713,2026-08-17T04:00:00+00:00,152.47990303896066,221.92730889748495,True
2026-08-17 07:00:00+00:00,2026-08-17 05:00:00+00:00,188.75,161.73488389188566,129.84,17.773524677347954,179.5084085692336,9.241591430766391,1714,2026-08-17T04:30:00+00:00,144.78470563997146,214.23211149849578,True
2026-08-17 07:30:00+00:00,2026-08-17 05:30:00+00:00,187.04,177.8624043452921,136.12,18.267611690676002,196.1300160359681,9.09001603596812,1715,2026-08-17T05:00:00+00:00,161.40631310670597,230.85371896523026,True
2026-08-17 08:00:00+00:00,2026-08-17 06:00:00+00:00,170.17,176.04842879965622,138.94,18.83056361170095,194.87899241135716,24.708992411357173,1716,2026-08-17T05:30:00+00:00,160.155289482095,229.60269534061933,True
2026-08-17 08:30:00+00:00,2026-08-17 06:30:00+00:00,166.63,148.6304644094117,139.06,19.19492595911678,167.82539036852847,1.1953903685284786,1717,2026-08-17T06:00:00+00:00,133.10168743926633,202.54909329779062,True
2026-08-17 09:00:00+00:00,2026-08-17 07:00:00+00:00,160.6,157.69915709625138,143.18,19.2450042986792,176.94416139493057,16.34416139493058,1718,2026-08-17T06:30:00+00:00,142.22045846566843,211.66786432419278,True
2026-08-17 09:30:00+00:00,2026-08-17 07:30:00+00:00,158.19,150.29276484422095,141.47,19.35640284823644,169.64916769245738,11.459167692457385,1719,2026-08-17T07:00:00+00:00,134.92546476319524,204.37287062171953,True
2026-08-17 10:00:00+00:00,2026-08-17 08:00:00+00:00,143.37,148.6929002324363,133.21,19.210471311420605,167.9033715438569,24.5333715438569,1720,2026-08-17T07:30:00+00:00,133.17966861459473,202.62707447311905,True
2026-08-17 10:30:00+00:00,2026-08-17 08:30:00+00:00,143.36,131.26656585927404,130.26,18.850776734186134,150.11734259346017,6.757342593460152,1721,2026-08-17T08:00:00+00:00,115.39363966419802,184.8410455227223,True
2026-08-17 11:00:00+00:00,2026-08-17 09:00:00+00:00,149.76,135.68108398852428,129.25,18.838572659000867,154.51965664752515,4.759656647525162,1722,2026-08-17T08:30:00+00:00,119.79595371826298,189.24335957678733,True
2026-08-17 11:30:00+00:00,2026-08-17 09:30:00+00:00,142.92,130.9725847615098,122.06,18.610076593369875,149.5826613548797,6.6626613548797025,1723,2026-08-17T09:00:00+00:00,114.85895842561752,184.30636428414184,True
2026-08-17 12:00:00+00:00,2026-08-17 10:00:00+00:00,138.47,131.70310577389844,124.27,18.45648871367761,150.15959448757604,11.689594487576045,1724,2026-08-17T09:30:00+00:00,115.4358915583139,184.8832974168382,True
2026-08-17 12:30:00+00:00,2026-08-17 10:30:00+00:00,136.07,116.91820027633317,115.98,18.11556833789427,135.03376861422743,1.0362313857725667,1725,2026-08-17T10:00:00+00:00,100.31006568496527,169.7574715434896,True
2026-08-17 13:00:00+00:00,2026-08-17 11:00:00+00:00,138.57,125.58304616530754,115.88,18.029230196146045,143.61227636145358,5.042276361453588,1726,2026-08-17T10:30:00+00:00,108.88857343219142,178.33597929071573,True
2026-08-17 13:30:00+00:00,2026-08-17 11:30:00+00:00,144.53,133.9328508124097,115.09000000000002,17.972595326370733,151.90544613878043,7.375446138780433,1727,2026-08-17T11:00:00+00:00,117.18174320951827,186.6291490680426,True
2026-08-17 14:00:00+00:00,2026-08-17 12:00:00+00:00,151.36,126.24870258041862,113.98,17.88621351629244,144.13491609671107,7.225083903288947,1728,2026-08-17T11:30:00+00:00,109.4112131674489,178.8586190259732,True
2026-08-17 14:30:00+00:00,2026-08-17 12:30:00+00:00,153.52,125.06425254802627,115.64,17.726798044370362,142.79105059239663,10.72894940760338,1729,2026-08-17T12:00:00+00:00,108.06734766313448,177.5147535216588,True
2026-08-17 15:00:00+00:00,2026-08-17 13:00:00+00:00,149.39,126.47075875112556,131.88,17.747228010384113,144.21798676150968,5.172013238490308,1730,2026-08-17T12:30:00+00:00,109.4942838322475,178.94168969077182,True
2026-08-17 15:30:00+00:00,2026-08-17 13:30:00+00:00,145.23,132.72734609136617,145.56000000000003,17.678980905108027,150.4063269964742,5.1763269964742165,1731,2026-08-17T13:00:00+00:00,115.68262406721203,185.13002992573635,True
2026-08-17 16:00:00+00:00,2026-08-17 14:00:00+00:00,163.37,142.83256080529813,180.02,17.57745009050896,160.4100108958071,2.959989104192914,1732,2026-08-17T13:30:00+00:00,125.68630796654492,195.13371382506924,True
2026-08-17 16:30:00+00:00,2026-08-17 14:30:00+00:00,172.79,151.0197871532483,181.59,17.685461363142494,168.70524851639078,4.08475148360921,1733,2026-08-17T14:00:00+00:00,133.98154558712864,203.42895144565296,True
2026-08-17 17:00:00+00:00,2026-08-17 15:00:00+00:00,179.57,152.49838114624188,179.41,17.839872815388475,170.33825396163036,9.231746038369636,1734,2026-08-17T14:30:00+00:00,135.61455103236818,205.0619568908925,True
2026-08-17 17:30:00+00:00,2026-08-17 15:30:00+00:00,178.28,147.80172382698518,183.0,17.91269471165363,165.71441853863882,12.565581461361177,1735,2026-08-17T15:00:00+00:00,130.99071560937665,200.43812146790094,True
2026-08-17 18:00:00+00:00,2026-08-17 16:00:00+00:00,178.23,145.30389373557458,186.93,17.835132031311243,163.13902576688582,15.090974233114167,1736,2026-08-17T15:30:00+00:00,128.41532283762365,197.86272869614797,True
2026-08-17 18:30:00+00:00,2026-08-17 16:30:00+00:00,175.99,167.37965722381446,182.05,17.87387447232647,185.25353169614093,9.263531696140916,1737,2026-08-17T16:00:00+00:00,150.52982876687878,219.97723462540307,True
2026-08-17 19:00:00+00:00,2026-08-17 17:00:00+00:00,175.15,169.60999335715064,185.74,17.929735501631924,187.53972885878255,12.389728858782547,1738,2026-08-17T16:30:00+00:00,152.81602592952038,222.26343178804473,True
2026-08-17 19:30:00+00:00,2026-08-17 17:30:00+00:00,175.11,171.39437600283946,189.35,18.060800867307552,189.45517687014703,14.345176870147014,1739,2026-08-17T17:00:00+00:00,154.73147394088485,224.1788797994092,True
2026-08-17 20:00:00+00:00,2026-08-17 18:00:00+00:00,175.9,163.62347931032758,184.46,18.238827744158037,181.86230705448563,5.9623070544856205,1740,2026-08-17T17:30:00+00:00,147.13860412522345,216.5860099837478,True
2026-08-17 20:30:00+00:00,2026-08-17 18:30:00+00:00,163.69,160.26316308487228,180.33,18.44939633882189,178.71255942369416,15.022559423694162,1741,2026-08-17T18:00:00+00:00,143.988856494432,213.43626235295628,True
2026-08-17 21:00:00+00:00,2026-08-17 19:00:00+00:00,162.45,153.2343466340375,178.12,18.30833578232414,171.54268241636166,9.092682416361669,1742,2026-08-17T18:30:00+00:00,136.8189794870995,206.2663853456238,True
2026-08-17 21:30:00+00:00,2026-08-17 19:30:00+00:00,147.64,149.9694225681906,165.75,18.125278783752645,168.09470135194323,20.454701351943243,1743,2026-08-17T19:00:00+00:00,133.37099842268108,202.81840428120543,True
2026-08-17 22:00:00+00:00,2026-08-17 20:00:00+00:00,152.92,148.17310778037069,166.6,17.918690425411413,166.09179820578208,13.171798205782096,1744,2026-08-17T19:30:00+00:00,131.36809527651994,200.81550113504431,True
2026-08-17 22:30:00+00:00,2026-08-17 20:30:00+00:00,136.95,147.15100678966184,165.19,17.837799758670858,164.9888065483327,28.0388065483327,1745,2026-08-17T20:00:00+00:00,130.26510361907054,199.71250947759486,True
2026-08-17 23:00:00+00:00,2026-08-17 21:00:00+00:00,139.61,134.3519206282587,165.73,17.631192646977027,151.98311327523572,12.37311327523571,1746,2026-08-17T20:30:00+00:00,117.25941034597359,186.7068162044979,True
2026-08-17 23:30:00+00:00,2026-08-17 21:30:00+00:00,128.56,137.05031586682543,164.9,17.51054073196808,154.56085659879352,26.00085659879352,1747,2026-08-17T21:00:00+00:00,119.83715366953136,189.2845595280557,True
2026-08-18 00:00:00+00:00,2026-08-17 22:00:00+00:00,136.45,120.67865534050222,160.86,17.226099119144646,137.90475445964685,1.454754459646864,1748,2026-08-17T21:30:00+00:00,103.1810515303847,172.628457388909,True
2026-08-18 00:30:00+00:00,2026-08-17 22:30:00+00:00,140.94,132.41121591547017,155.7,17.047187208696364,149.45840312416652,8.518403124166525,1749,2026-08-17T22:00:00+00:00,114.73470019490438,184.1821060534287,True
2026-08-18 01:00:00+00:00,2026-08-17 23:00:00+00:00,130.46,113.12828095167838,156.77,16.656535263924134,129.78481621560252,0.6751837843974897,1750,2026-08-17T22:30:00+00:00,95.06111328634034,164.50851914486466,True
2026-08-18 01:30:00+00:00,2026-08-17 23:30:00+00:00,125.72,123.10872788118412,154.31,16.493117865987625,139.60184574717175,13.881845747171752,1751,2026-08-17T23:00:00+00:00,104.87814281790958,174.3255486764339,True
2026-08-18 02:00:00+00:00,2026-08-18 00:00:00+00:00,122.64,110.21914038002387,152.45,16.13493533927056,126.35407571929443,3.714075719294428,1752,2026-08-17T23:30:00+00:00,91.63037279003228,161.0777786485566,True
2026-08-18 02:30:00+00:00,2026-08-18 00:30:00+00:00,129.74,124.78354789938312,153.06,16.12972261191832,140.91327051130145,11.173270511301439,1753,2026-08-18T00:00:00+00:00,106.18956758203927,175.6369734405636,True
2026-08-18 03:00:00+00:00,2026-08-18 01:00:00+00:00,134.29,128.68926177552794,154.6,16.020749466101915,144.71001124162984,10.420011241629851,1754,2026-08-18T00:30:00+00:00,109.9863083123677,179.43371417089202,True
2026-08-18 03:30:00+00:00,2026-08-18 01:30:00+00:00,133.17,115.48949884397246,152.99,16.039544576591144,131.5290434205636,1.6409565794363914,1755,2026-08-18T01:00:00+00:00,96.80534049130144,166.25274634982577,True
2026-08-18 04:00:00+00:00,2026-08-18 02:00:00+00:00,145.57,116.5587320266195,175.77,15.84702610175671,132.4057581283762,13.164241871623801,1756,2026-08-18T01:30:00+00:00,97.68205519911405,167.12946105763837,True
2026-08-18 04:30:00+00:00,2026-08-18 02:30:00+00:00,153.43,116.43240253200275,178.44,15.797905833481307,132.23030836548406,21.199691634515943,1757,2026-08-18T02:00:00+00:00,97.50660543622192,166.95401129474624,True
2026-08-18 05:00:00+00:00,2026-08-18 03:00:00+00:00,154.82,128.38585991545708,195.67,15.642474064860163,144.02833398031723,10.791666019682765,1758,2026-08-18T02:30:00+00:00,109.30463105105508,178.75203690957937,True
2026-08-18 05:30:00+00:00,2026-08-18 03:30:00+00:00,161.73,132.67422804418703,203.89,15.498507692807474,148.1727357369945,13.557264263005493,1759,2026-08-18T03:00:00+00:00,113.44903280773237,182.89643866625667,True
2026-08-18 06:00:00+00:00,2026-08-18 04:00:00+00:00,164.51,130.31909855491406,186.97,15.529790499658356,145.84888905457242,18.661110945427566,1760,2026-08-18T03:30:00+00:00,111.12518612531026,180.57259198383457,True
2026-08-18 06:30:00+00:00,2026-08-18 04:30:00+00:00,166.87,144.35747942714565,192.42,15.72307176423764,160.08055119138328,6.789448808616726,1761,2026-08-18T04:00:00+00:00,125.35684826212112,194.80425412064542,True
2026-08-18 07:00:00+00:00,2026-08-18 05:00:00+00:00,157.21,147.99029727546625,188.75,16.028080413279376,164.01837768874563,6.808377688745622,1762,2026-08-18T04:30:00+00:00,129.29467475948346,198.74208061800778,True
2026-08-18 07:30:00+00:00,2026-08-18 05:30:00+00:00,161.43,143.59850801849754,187.04,16.177270023725953,159.7757780422235,1.6542219577765138,1763,2026-08-18T05:00:00+00:00,125.05207511296133,194.49948097148564,True
2026-08-18 08:00:00+00:00,2026-08-18 06:00:00+00:00,143.6,147.0197814312613,170.17,16.36190654773985,163.38168797900113,19.781687979001134,1764,2026-08-18T05:30:00+00:00,128.65798504973895,198.1053909082633,True
2026-08-18 08:30:00+00:00,2026-08-18 06:30:00+00:00,144.95,143.4361130527642,166.63,16.617517306030376,160.05363035879458,15.10363035879459,1765,2026-08-18T06:00:00+00:00,125.32992742953242,194.77733328805675,True
2026-08-18 09:00:00+00:00,2026-08-18 07:00:00+00:00,137.75,141.04702178500924,160.6,16.702032796882992,157.74905458189224,19.99905458189224,1766,2026-08-18T06:30:00+00:00,123.02535165263006,192.4727575111544,True
2026-08-18 09:30:00+00:00,2026-08-18 07:30:00+00:00,137.45,125.77039473418895,158.19,16.594760116926285,142.36515485111525,4.915154851115261,1767,2026-08-18T07:00:00+00:00,107.64145192185308,177.0888577803774,True
2026-08-18 10:00:00+00:00,2026-08-18 08:00:00+00:00,137.69,129.76741705033515,143.37,16.612490896004203,146.37990794633936,8.68990794633936,1768,2026-08-18T07:30:00+00:00,111.6562050170772,181.10361087560153,True
2026-08-18 10:30:00+00:00,2026-08-18 08:30:00+00:00,135.66,106.1316250975093,143.36,16.32529218686022,122.45691728436952,13.203082715630472,1769,2026-08-18T08:00:00+00:00,87.73321435510736,157.1806202136317,True
2026-08-18 11:00:00+00:00,2026-08-18 09:00:00+00:00,132.8,113.54690895005356,149.76,16.112944012078355,129.6598529621319,3.140147037868104,1770,2026-08-18T08:30:00+00:00,94.93615003286976,164.38355589139405,True
2026-08-18 11:30:00+00:00,2026-08-18 09:30:00+00:00,129.45,105.37677575332997,142.92,15.834667188042582,121.21144294137255,8.238557058627435,1771,2026-08-18T09:00:00+00:00,86.4877400121104,155.9351458706347,True
2026-08-18 12:00:00+00:00,2026-08-18 10:00:00+00:00,135.92,108.61964848054548,138.47,15.775096890625367,124.39474537117084,11.525254628829146,1772,2026-08-18T09:30:00+00:00,89.67104244190868,159.11844830043302,True
2026-08-18 12:30:00+00:00,2026-08-18 10:30:00+00:00,134.96,111.33692987345064,136.07,15.6625169580778,126.99944683152845,7.960553168471563,1773,2026-08-18T10:00:00+00:00,92.27574390226629,161.7231497607906,True
2026-08-18 13:00:00+00:00,2026-08-18 11:00:00+00:00,138.24,112.00547645856308,138.57,15.861309009111718,127.8667854676748,10.373214532325207,1774,2026-08-18T10:30:00+00:00,93.14308253841264,162.59048839693696,True
2026-08-18 13:30:00+00:00,2026-08-18 11:30:00+00:00,139.47,111.27977763005394,144.53,15.909936314487299,127.18971394454124,12.28028605545876,1775,2026-08-18T11:00:00+00:00,92.46601101527908,161.9134168738034,True
2026-08-18 14:00:00+00:00,2026-08-18 12:00:00+00:00,144.77,110.0362462008024,151.36,16.02697175201481,126.06321795281721,18.7067820471828,1776,2026-08-18T11:30:00+00:00,91.33951502355507,160.7869208820794,True
2026-08-18 14:30:00+00:00,2026-08-18 12:30:00+00:00,141.12,120.16667172086552,153.52,16.18859595839548,136.355267679261,4.764732320739,1777,2026-08-18T12:00:00+00:00,101.63156474999883,171.07897060852315,True
2026-08-18 15:00:00+00:00,2026-08-18 13:00:00+00:00,134.5,118.45992108570306,149.39,16.295182537759718,134.7551036234628,0.25510362346278725,1778,2026-08-18T12:30:00+00:00,100.03140069420061,169.47880655272496,True
2026-08-18 15:30:00+00:00,2026-08-18 13:30:00+00:00,138.84,125.72390054342978,145.23,16.437680895377866,142.16158143880764,3.321581438807641,1779,2026-08-18T13:00:00+00:00,107.43787850954548,176.8852843680698,True
2026-08-18 16:00:00+00:00,2026-08-18 14:00:00+00:00,171.54,131.6941876617157,163.37,16.60617474797287,148.30036240968855,23.239637590311446,1780,2026-08-18T13:30:00+00:00,113.57665948042639,183.0240653389507,True
2026-08-18 16:30:00+00:00,2026-08-18 14:30:00+00:00,180.93,139.92658661961678,172.79,16.86606624796633,156.79265286758312,24.137347132416892,1781,2026-08-18T14:00:00+00:00,122.06894993832096,191.5163557968453,True
2026-08-18 17:00:00+00:00,2026-08-18 15:00:00+00:00,183.93000000000004,136.8596391203391,179.57,16.92466451181308,153.7843036321522,30.145696367847847,1782,2026-08-18T14:30:00+00:00,119.06060070289001,188.50800656141433,True
2026-08-18 17:30:00+00:00,2026-08-18 15:30:00+00:00,185.14,132.26002594055132,178.28,16.911982383815662,149.17200832436697,35.967991675633016,1783,2026-08-18T15:00:00+00:00,114.44830539510482,183.89571125362914,False
2026-08-18 18:00:00+00:00,2026-08-18 16:00:00+00:00,187.33,142.58766963778046,178.23,16.85756156430228,159.44523120208274,27.884768797917275,1784,2026-08-18T15:30:00+00:00,124.72152827282059,194.16893413134488,True
2026-08-18 18:30:00+00:00,2026-08-18 16:30:00+00:00,189.73,179.41407254802846,175.99,17.187139549260525,196.601212097289,6.871212097289003,1785,2026-08-18T16:00:00+00:00,161.87750916802682,231.32491502655117,True
2026-08-18 19:00:00+00:00,2026-08-18 17:00:00+00:00,188.43,176.3354697608534,175.15,17.528588736310383,193.8640584971638,5.4340584971637895,1786,2026-08-18T16:30:00+00:00,159.14035556790162,228.58776142642597,True
2026-08-18 19:30:00+00:00,2026-08-18 17:30:00+00:00,188.92,173.48946856688585,175.11,17.95212325534906,191.4415918222349,2.5215918222349103,1787,2026-08-18T17:00:00+00:00,156.71788889297275,226.16529475149704,True
2026-08-18 20:00:00+00:00,2026-08-18 18:00:00+00:00,189.32,170.00558504576875,175.9,18.45287691425568,188.45846196002444,0.8615380399755566,1788,2026-08-18T17:30:00+00:00,153.7347590307623,223.18216488928658,True
2026-08-18 20:30:00+00:00,2026-08-18 18:30:00+00:00,192.114774277449,166.90128931363947,163.69,18.829783586199433,185.7310728998389,6.383701377610095,1789,2026-08-18T18:00:00+00:00,151.00736997057675,220.45477582910104,True
2026-08-18 21:00:00+00:00,2026-08-18 19:00:00+00:00,193.31,165.36342904252518,162.45,18.707722121996266,184.07115116452144,9.238848835478564,1790,2026-08-18T18:30:00+00:00,149.34744823525926,218.7948540937836,True
2026-08-18 21:30:00+00:00,2026-08-18 19:30:00+00:00,189.73,159.34974615365078,147.64,18.612910103616972,177.96265625726775,11.767343742732237,1791,2026-08-18T19:00:00+00:00,143.2389533280056,212.6863591865299,True
2026-08-18 22:00:00+00:00,2026-08-18 20:00:00+00:00,178.42,159.20873284463937,152.92,18.567284972766007,177.77601781740537,0.6439821825946126,1792,2026-08-18T19:30:00+00:00,143.0523148881432,212.4997207466676,True
2026-08-18 22:30:00+00:00,2026-08-18 20:30:00+00:00,173.92,157.2470613690081,136.95,18.57799642690029,175.82505779590838,1.905057795908391,1793,2026-08-18T20:00:00+00:00,141.1013548666462,210.54876072517052,True
2026-08-18 23:00:00+00:00,2026-08-18 21:00:00+00:00,164.61,161.32675882347957,139.61,18.673128107979807,179.99988693145937,15.389886931459358,1794,2026-08-18T20:30:00+00:00,145.27618400219723,214.72358986072152,True
2026-08-18 23:30:00+00:00,2026-08-18 21:30:00+00:00,163.09,159.9507269225025,128.56,18.80607961603532,178.75680653853783,15.666806538537827,1795,2026-08-18T21:00:00+00:00,144.03310360927566,213.4805094678,True
2026-08-19 00:00:00+00:00,2026-08-18 22:00:00+00:00,158.68,155.7001826158749,136.45,18.972016252880106,174.672198868755,15.992198868754997,1796,2026-08-18T21:30:00+00:00,139.9484959394928,209.39590179801712,True
2026-08-19 00:30:00+00:00,2026-08-18 22:30:00+00:00,159.59,143.2627897302538,140.94,18.975446345544135,162.23823607579791,2.648236075797911,1797,2026-08-18T22:00:00+00:00,127.51453314653577,196.96193900506012,True
2026-08-19 01:00:00+00:00,2026-08-18 23:00:00+00:00,156.24,142.2018519113012,130.46,18.94243574981099,161.14428766111217,4.904287661112164,1798,2026-08-18T22:30:00+00:00,126.42058473185003,195.86799059037432,True
2026-08-19 01:30:00+00:00,2026-08-18 23:30:00+00:00,152.56,133.66496721077522,125.72,18.717932987757905,152.38290019853312,0.17709980146688054,1799,2026-08-18T23:00:00+00:00,117.65919726927096,187.1066031277953,True
2026-08-19 02:00:00+00:00,2026-08-19 00:00:00+00:00,156.62,137.39462857689404,122.64,18.494584835171278,155.88921341206532,0.7307865879346878,1800,2026-08-18T23:30:00+00:00,121.16551048280316,190.6129163413275,True
2026-08-19 02:30:00+00:00,2026-08-19 00:30:00+00:00,154.79,135.3914089886139,129.74,18.272152696080813,153.6635616846947,1.126438315305279,1801,2026-08-19T00:00:00+00:00,118.93985875543255,188.38726461395686,True
2026-08-19 03:00:00+00:00,2026-08-19 01:00:00+00:00,159.26,141.42165950911897,134.29,18.24426844285804,159.665927951977,0.40592795197702003,1802,2026-08-19T00:30:00+00:00,124.94222502271484,194.38963088123919,True
2026-08-19 03:30:00+00:00,2026-08-19 01:30:00+00:00,159.59,139.12503856343457,133.17,18.1839661308447,157.30900469427928,2.2809953057207224,1803,2026-08-19T01:00:00+00:00,122.58530176501709,192.03270762354143,True
2026-08-19 04:00:00+00:00,2026-08-19 02:00:00+00:00,177.28,139.24180250473736,145.57,18.194160552279534,157.4359630570169,19.84403694298311,1804,2026-08-19T01:30:00+00:00,122.71226012775475,192.15966598627904,True
2026-08-19 04:30:00+00:00,2026-08-19 02:30:00+00:00,179.22,147.96291769520357,153.43,18.208944817694718,166.1718625128983,13.048137487101712,1805,2026-08-19T02:00:00+00:00,131.4481595836361,200.8955654421604,True
2026-08-19 05:00:00+00:00,2026-08-19 03:00:00+00:00,177.98,145.96525851413244,154.82,18.226000538862216,164.19125905299467,13.788740947005323,1806,2026-08-19T02:30:00+00:00,129.4675561237325,198.9149619822568,True
2026-08-19 05:30:00+00:00,2026-08-19 03:30:00+00:00,180.57,153.15749371447433,161.73,18.22044273375914,171.37793644823347,9.192063551766523,1807,2026-08-19T03:00:00+00:00,136.6542335189713,206.10163937749562,True
2026-08-19 06:00:00+00:00,2026-08-19 04:00:00+00:00,165.8,151.4284880762014,164.51,18.252621952549813,169.68111002875122,3.881110028751209,1808,2026-08-19T03:30:00+00:00,134.95740709948905,204.40481295801342,True
2026-08-19 06:30:00+00:00,2026-08-19 04:30:00+00:00,174.19,170.9819497989779,166.87,18.536283818896525,189.51823361787442,15.328233617874417,1809,2026-08-19T04:00:00+00:00,154.79453068861224,224.2419365471366,True
2026-08-19 07:00:00+00:00,2026-08-19 05:00:00+00:00,156.26,164.37298994750424,157.21,18.718659379927885,183.09164932743212,26.83164932743213,1810,2026-08-19T04:30:00+00:00,148.36794639816998,217.8153522566943,True
2026-08-19 07:30:00+00:00,2026-08-19 05:30:00+00:00,162.56,159.47994298486896,161.43,18.909282667945337,178.3892256528143,15.829225652814301,1811,2026-08-19T05:00:00+00:00,143.66552272355213,213.11292858207653,True
2026-08-19 08:00:00+00:00,2026-08-19 06:00:00+00:00,139.54,159.74776015817213,143.6,19.031191695869175,178.7789518540413,39.23895185404132,1812,2026-08-19T05:30:00+00:00,144.05524892477914,213.50265478330348,False
2026-08-19 08:30:00+00:00,2026-08-19 06:30:00+00:00,139.02,138.65700220207285,144.95,18.964386792576377,157.62138899464924,18.601388994649227,1813,2026-08-19T06:00:00+00:00,122.89768606538706,192.34509192391135,True
2026-08-19 09:00:00+00:00,2026-08-19 07:00:00+00:00,138.27,153.50984047215078,137.75,18.73849132470398,172.24833179685476,33.97833179685475,1814,2026-08-19T06:30:00+00:00,137.5246288675926,206.9720347261169,True
2026-08-19 09:30:00+00:00,2026-08-19 07:30:00+00:00,137.67,129.2311456643419,137.45,18.353526971486,147.5846726358279,9.914672635827912,1815,2026-08-19T07:00:00+00:00,112.86096970656577,182.30837556509007,True
2026-08-19 10:00:00+00:00,2026-08-19 08:00:00+00:00,132.38,144.52044464165365,137.69,18.134554266645797,162.65499890829946,30.274998908299466,1816,2026-08-19T07:30:00+00:00,127.93129597903727,197.3787018375616,True
2026-08-19 10:30:00+00:00,2026-08-19 08:30:00+00:00,131.69,116.23183243320736,135.66,17.58484812105949,133.81668055426684,2.1266805542668408,1817,2026-08-19T08:00:00+00:00,99.09297762500469,168.54038348352898,True
2026-08-19 11:00:00+00:00,2026-08-19 09:00:00+00:00,142.79,126.4026538445549,132.8,17.33794187392734,143.74059571848224,0.9505957184822478,1818,2026-08-19T08:30:00+00:00,109.0168927892201,178.46429864774444,True
2026-08-19 11:30:00+00:00,2026-08-19 09:30:00+00:00,146.32,126.84037396059423,129.45,16.87088067968659,143.71125464028083,2.6087453597191654,1819,2026-08-19T09:00:00+00:00,108.98755171101867,178.43495756954297,True
2026-08-19 12:00:00+00:00,2026-08-19 10:00:00+00:00,147.42,127.66284557038428,135.92,16.749992392931084,144.41283796331535,3.007162036684633,1820,2026-08-19T09:30:00+00:00,109.68913503405321,179.13654089257753,True
2026-08-19 12:30:00+00:00,2026-08-19 10:30:00+00:00,147.82,122.40902260113594,134.96,16.3357959359665,138.74481853710245,9.075181462897547,1821,2026-08-19T10:00:00+00:00,104.02111560784029,173.4685214663646,True
2026-08-19 13:00:00+00:00,2026-08-19 11:00:00+00:00,142.82,124.69751156171132,138.24,16.32321355236987,141.0207251140812,1.7992748859188055,1822,2026-08-19T10:30:00+00:00,106.29702218481901,175.7444280433433,True
2026-08-19 13:30:00+00:00,2026-08-19 11:30:00+00:00,146.67,137.49896995223008,139.47,16.32413300876085,153.82310296099092,7.153102960990935,1823,2026-08-19T11:00:00+00:00,119.09940003172878,188.5468058902531,True
2026-08-19 14:00:00+00:00,2026-08-19 12:00:00+00:00,158.46,137.82785721198823,144.77,16.369372685533655,154.19722989752188,4.262770102478129,1824,2026-08-19T11:30:00+00:00,119.47352696825973,188.92093282678402,True
2026-08-19 14:30:00+00:00,2026-08-19 12:30:00+00:00,157.66,138.0968971708665,141.12,16.417942639449123,154.5148398103156,3.1451601896843897,1825,2026-08-19T12:00:00+00:00,119.79113688105346,189.23854273957778,True
2026-08-19 15:00:00+00:00,2026-08-19 13:00:00+00:00,162.77,137.71442722575273,134.5,16.546873992417193,154.26130121816993,8.508698781830077,1826,2026-08-19T12:30:00+00:00,119.53759828890774,188.9850041474321,True
2026-08-19 15:30:00+00:00,2026-08-19 13:30:00+00:00,153.45,132.07616859785506,138.84,16.569463263747384,148.64563186160245,4.804368138397535,1827,2026-08-19T13:00:00+00:00,113.92192893234028,183.3693347908646,True
2026-08-19 16:00:00+00:00,2026-08-19 14:00:00+00:00,165.18,142.54616649564187,171.54,16.463393396355716,159.00955989199758,6.170440108002424,1828,2026-08-19T13:30:00+00:00,124.28585696273544,193.73326282125973,True
2026-08-19 16:30:00+00:00,2026-08-19 14:30:00+00:00,170.2,157.4338896573182,180.93,16.52315992830293,173.95704958562112,3.7570495856211323,1829,2026-08-19T14:00:00+00:00,139.23334665635898,208.68075251488332,True
2026-08-19 17:00:00+00:00,2026-08-19 15:00:00+00:00,170.34,155.89062893752208,183.93000000000004,16.566742985817456,172.45737192333954,2.117371923339533,1830,2026-08-19T14:30:00+00:00,137.7336689940774,207.18107485260168,True
2026-08-19 17:30:00+00:00,2026-08-19 15:30:00+00:00,175.03,164.10388040456007,185.14,16.68844565227183,180.7923260568319,5.76232605683191,1831,2026-08-19T15:00:00+00:00,146.06862312756974,215.51602898609408,True
2026-08-19 18:00:00+00:00,2026-08-19 16:00:00+00:00,180.97,152.69980260364434,187.33,16.755619097062084,169.45542170070644,11.51457829929356,1832,2026-08-19T15:30:00+00:00,134.73171877144426,204.17912462996858,True
2026-08-19 18:30:00+00:00,2026-08-19 16:30:00+00:00,175.85,169.66902715021592,189.73,16.83989388937013,186.50892103958606,10.658921039586062,1833,2026-08-19T16:00:00+00:00,151.78521811032388,221.23262396884823,True
2026-08-19 19:00:00+00:00,2026-08-19 17:00:00+00:00,170.72,168.2041560043835,188.43,16.78148886387821,184.98564486826172,14.265644868261717,1834,2026-08-19T16:30:00+00:00,150.26194193899954,219.7093477975239,True
2026-08-19 19:30:00+00:00,2026-08-19 17:30:00+00:00,172.26,164.45745240291058,188.92,16.748053754211746,181.20550615712233,8.945506157122338,1835,2026-08-19T17:00:00+00:00,146.48180322786015,215.9292090863845,True
2026-08-19 20:00:00+00:00,2026-08-19 18:00:00+00:00,164.28,167.1206952421716,189.32,16.664585840647277,183.78528108281887,19.50528108281887,1836,2026-08-19T17:30:00+00:00,149.06157815355672,218.508984012081,True
2026-08-19 20:30:00+00:00,2026-08-19 18:30:00+00:00,159.59,169.87136004764108,192.114774277449,16.83097318818111,186.70233323582218,27.112333235822177,1837,2026-08-19T18:00:00+00:00,151.97863030656,221.42603616508435,True
2026-08-19 21:00:00+00:00,2026-08-19 19:00:00+00:00,158.52,158.27589501976476,193.31,16.678286248847126,174.95418126861188,16.434181268611866,1838,2026-08-19T18:30:00+00:00,140.23047833934973,209.67788419787402,True
2026-08-19 21:30:00+00:00,2026-08-19 19:30:00+00:00,152.06,151.52015442634715,189.73,16.475242127492145,167.9953965538393,15.935396553839297,1839,2026-08-19T19:00:00+00:00,133.27169362457715,202.71909948310145,True
2026-08-19 22:00:00+00:00,2026-08-19 20:00:00+00:00,136.84,152.76577098321093,178.42,16.350903428755075,169.11667441196602,32.27667441196601,1840,2026-08-19T19:30:00+00:00,134.39297148270384,203.8403773412282,True
2026-08-19 22:30:00+00:00,2026-08-19 20:30:00+00:00,146.75,141.02706285956444,173.92,16.075757290831973,157.1028201503964,10.352820150396411,1841,2026-08-19T20:00:00+00:00,122.37911722113425,191.82652307965856,True
2026-08-19 23:00:00+00:00,2026-08-19 21:00:00+00:00,143.61,136.80095519617126,164.61,15.69788053513196,152.49883573130322,8.888835731303203,1842,2026-08-19T20:30:00+00:00,117.77513280204106,187.22253866056536,True
2026-08-19 23:30:00+00:00,2026-08-19 21:30:00+00:00,141.5,137.15792923102438,163.09,15.476322824741665,152.63425205576604,11.13425205576604,1843,2026-08-19T21:00:00+00:00,117.9105491265039,187.3579549850282,True
2026-08-20 00:00:00+00:00,2026-08-19 22:00:00+00:00,138.11,129.91990686693066,158.68,15.262181517376863,145.18208838430752,7.072088384307506,1844,2026-08-19T21:30:00+00:00,110.45838545504536,179.9057913135697,True
2026-08-20 00:30:00+00:00,2026-08-19 22:30:00+00:00,133.33,115.42107271195384,159.59,14.81504603755547,130.2361187495093,3.0938812504907105,1845,2026-08-19T22:00:00+00:00,95.51241582024714,164.95982167877145,True
2026-08-20 01:00:00+00:00,2026-08-19 23:00:00+00:00,131.01,134.34190785274149,156.24,14.68469427835533,149.0266021310968,18.016602131096818,1846,2026-08-19T22:30:00+00:00,114.30289920183466,183.75030506035898,True
2026-08-20 01:30:00+00:00,2026-08-19 23:30:00+00:00,132.32,128.16156437336107,152.56,14.571782656259241,142.73334702962032,10.413347029620326,1847,2026-08-19T23:00:00+00:00,108.00964410035816,177.45704995888246,True
2026-08-20 02:00:00+00:00,2026-08-20 00:00:00+00:00,140.67,128.6490123565808,156.62,14.425121308962769,143.07413366554357,2.4041336655435828,1848,2026-08-19T23:30:00+00:00,108.35043073628141,177.79783659480572,True
2026-08-20 02:30:00+00:00,2026-08-20 00:30:00+00:00,138.14,126.69136024357354,154.79,14.33573094853192,141.02709119210547,2.887091192105487,1849,2026-08-20T00:00:00+00:00,106.3033882628433,175.75079412136762,True
2026-08-20 03:00:00+00:00,2026-08-20 01:00:00+00:00,139.67,124.85820587289076,159.26,14.386959154671276,139.24516502756205,0.4248349724379352,1850,2026-08-20T00:30:00+00:00,104.52146209829988,173.9688679568242,True
2026-08-20 03:30:00+00:00,2026-08-20 01:30:00+00:00,140.45,125.00762385674858,159.59,14.132927278064434,139.14055113481302,1.3094488651869653,1851,2026-08-20T01:00:00+00:00,104.41684820555085,173.8642540640752,True
2026-08-20 04:00:00+00:00,2026-08-20 02:00:00+00:00,156.95,130.62548360597816,177.28,13.989924972592497,144.61540857857065,12.334591421429337,1852,2026-08-20T01:30:00+00:00,109.8917056493085,179.33911150783283,True
2026-08-20 04:30:00+00:00,2026-08-20 02:30:00+00:00,158.27,141.34670535141942,179.22,13.961696709214152,155.30840206063357,2.961597939366442,1853,2026-08-20T02:00:00+00:00,120.58469913137141,190.03210498989574,True
2026-08-20 05:00:00+00:00,2026-08-20 03:00:00+00:00,160.26,136.8758853750661,177.98,13.925667510876051,150.80155288594216,9.458447114057833,1854,2026-08-20T02:30:00+00:00,116.07784995668,185.52525581520433,True
2026-08-20 05:30:00+00:00,2026-08-20 03:30:00+00:00,165.91,140.00015648830194,180.57,13.938371732152662,153.9385282204546,11.971471779545396,1855,2026-08-20T03:00:00+00:00,119.21482529119244,188.66223114971675,True
2026-08-20 06:00:00+00:00,2026-08-20 04:00:00+00:00,136.02,138.48382344992203,165.8,13.959934344638915,152.44375779456095,16.42375779456094,1856,2026-08-20T03:30:00+00:00,117.72005486529879,187.1674607238231,True
2026-08-20 06:30:00+00:00,2026-08-20 04:30:00+00:00,154.62,155.8860567596068,174.19,14.137202901378421,170.02325966098522,15.403259660985213,1857,2026-08-20T04:00:00+00:00,135.29955673172307,204.7469625902474,True
2026-08-20 07:00:00+00:00,2026-08-20 05:00:00+00:00,140.05,149.15699111311454,156.26,14.177146545328355,163.3341376584429,23.284137658442887,1858,2026-08-20T04:30:00+00:00,128.61043472918072,198.05784058770507,True
2026-08-20 07:30:00+00:00,2026-08-20 05:30:00+00:00,150.3,148.8489661296657,162.56,14.309145017812085,163.1581111474778,12.858111147477786,1859,2026-08-20T05:00:00+00:00,128.43440821821565,197.88181407673997,True
2026-08-20 08:00:00+00:00,2026-08-20 06:00:00+00:00,138.64,151.35906863293934,139.54,14.475461927754363,165.8345305606937,27.19453056069372,1860,2026-08-20T05:30:00+00:00,131.11082763143153,200.55823348995588,True
2026-08-20 08:30:00+00:00,2026-08-20 06:30:00+00:00,137.04,111.35573548997502,139.02,14.232606758116926,125.58834224809195,11.451657751908044,1861,2026-08-20T06:00:00+00:00,90.86463931882979,160.31204517735412,True
2026-08-20 09:00:00+00:00,2026-08-20 07:00:00+00:00,137.51,142.02036771804603,138.27,14.010405497920285,156.03077321596632,18.52077321596633,1862,2026-08-20T06:30:00+00:00,121.30707028670417,190.7544761452285,True
2026-08-20 09:30:00+00:00,2026-08-20 07:30:00+00:00,138.61,117.44068015632982,137.67,13.678975974751186,131.119656131081,7.4903438689190125,1863,2026-08-20T07:00:00+00:00,96.39595320181884,165.84335906034315,True
2026-08-20 10:00:00+00:00,2026-08-20 08:00:00+00:00,146.13,134.8183398127593,132.38,13.50366639776052,148.32200621051982,2.1920062105198213,1864,2026-08-20T07:30:00+00:00,113.59830328125764,183.04570913978202,True
2026-08-20 10:30:00+00:00,2026-08-20 08:30:00+00:00,145.8,117.5019490258382,131.69,13.12771625451362,130.62966528035182,15.170334719648196,1865,2026-08-20T08:00:00+00:00,95.90596235108966,165.35336820961396,True
2026-08-20 11:00:00+00:00,2026-08-20 09:00:00+00:00,147.47,122.72968695975996,142.79,13.307736992618146,136.0374239523781,11.432576047621893,1866,2026-08-20T08:30:00+00:00,101.31372102311593,170.76112688164025,True
2026-08-20 11:30:00+00:00,2026-08-20 09:30:00+00:00,147.11,123.48073262337196,146.32,13.052282364772513,136.5330149881445,10.576985011855527,1867,2026-08-20T09:00:00+00:00,101.80931205888231,171.25671791740663,True
2026-08-20 12:00:00+00:00,2026-08-20 10:00:00+00:00,146.12,125.03153316701004,147.42,13.16865471873785,138.20018788574788,7.9198121142521245,1868,2026-08-20T09:30:00+00:00,103.47648495648573,172.92389081501005,True
2026-08-20 12:30:00+00:00,2026-08-20 10:30:00+00:00,140.94,133.9783674054391,147.82,13.142031357013463,147.12039876245254,6.1803987624525405,1869,2026-08-20T10:00:00+00:00,112.39669583319038,181.8441016917147,True
2026-08-20 13:00:00+00:00,2026-08-20 11:00:00+00:00,138.6,129.64106715417643,142.82,13.35932019967035,143.00038735384678,4.4003873538467815,1870,2026-08-20T10:30:00+00:00,108.27668442458463,177.72409028310895,True
2026-08-20 13:30:00+00:00,2026-08-20 11:30:00+00:00,140.44,132.50576556066474,146.67,13.522487233303345,146.02825279396808,5.588252793968081,1871,2026-08-20T11:00:00+00:00,111.30454986470593,180.75195572323022,True
2026-08-20 14:00:00+00:00,2026-08-20 12:00:00+00:00,141.24,133.36928833032937,158.46,13.667386132605754,147.0366744629351,5.796674462935101,1872,2026-08-20T11:30:00+00:00,112.31297153367295,181.76037739219728,True
2026-08-20 14:30:00+00:00,2026-08-20 12:30:00+00:00,138.37,132.5692006018082,157.66,13.773780692482484,146.3429812942907,7.97298129429069,1873,2026-08-20T12:00:00+00:00,111.61927836502853,181.06668422355284,True
2026-08-20 15:00:00+00:00,2026-08-20 13:00:00+00:00,139.41,128.25813590705863,162.77,13.676116278368786,141.93425218542743,2.5242521854274287,1874,2026-08-20T12:30:00+00:00,107.21054925616527,176.65795511468957,True
2026-08-20 15:30:00+00:00,2026-08-20 13:30:00+00:00,132.58,128.96883006792532,153.45,13.608486956518467,142.5773170244438,9.997317024443788,1875,2026-08-20T13:00:00+00:00,107.85361409518163,177.30101995370595,True
2026-08-20 16:00:00+00:00,2026-08-20 14:00:00+00:00,138.86,135.95160275607702,165.18,13.527136325314062,149.4787390813911,10.618739081391084,1876,2026-08-20T13:30:00+00:00,114.75503615212892,184.20244201065327,True
2026-08-20 16:30:00+00:00,2026-08-20 14:30:00+00:00,143.77,139.69472778627087,170.2,13.446041288619222,153.1407690748901,9.370769074890092,1877,2026-08-20T14:00:00+00:00,118.41706614562794,187.86447200415225,True
2026-08-20 17:00:00+00:00,2026-08-20 15:00:00+00:00,148.55,139.54964632900092,170.34,13.336432974288263,152.8860793032892,4.336079303289182,1878,2026-08-20T14:30:00+00:00,118.16237637402702,187.60978223255134,True
2026-08-20 17:30:00+00:00,2026-08-20 15:30:00+00:00,145.72,143.69597593911803,175.03,13.305113244179513,157.00108918329755,11.281089183297553,1879,2026-08-20T15:00:00+00:00,122.27738625403539,191.7247921125597,True
2026-08-20 18:00:00+00:00,2026-08-20 16:00:00+00:00,155.76,137.53539215726929,180.97,13.166133104520357,150.70152526178964,5.05847473821035,1880,2026-08-20T15:30:00+00:00,115.97782233252748,185.4252281910518,True
2026-08-20 18:30:00+00:00,2026-08-20 16:30:00+00:00,156.99,147.9931258203752,175.85,13.019069983085311,161.01219580346051,4.022195803460505,1881,2026-08-20T16:00:00+00:00,126.28849287419835,195.7358987327227,True
2026-08-20 19:00:00+00:00,2026-08-20 17:00:00+00:00,165.34,150.09296437294182,170.72,12.890844531063518,162.98380890400534,2.35619109599466,1882,2026-08-20T16:30:00+00:00,128.26010597474317,197.70751183326752,True
2026-08-20 19:30:00+00:00,2026-08-20 17:30:00+00:00,162.76,152.2590829965322,172.26,12.835067336410523,165.09415033294272,2.334150332942727,1883,2026-08-20T17:00:00+00:00,130.37044740368057,199.81785326220492,True
2026-08-20 20:00:00+00:00,2026-08-20 18:00:00+00:00,162.14,144.12681913177695,164.28,12.680071556476696,156.80689068825365,5.333109311746341,1884,2026-08-20T17:30:00+00:00,122.08318775899149,191.5305936175158,True
2026-08-20 20:30:00+00:00,2026-08-20 18:30:00+00:00,165.23,154.40441863949627,159.59,12.759562471845111,167.16398111134137,1.9339811113413816,1885,2026-08-20T18:00:00+00:00,132.44027818207923,201.88768404060355,True
2026-08-20 21:00:00+00:00,2026-08-20 19:00:00+00:00,165.28,149.3426609323425,158.52,12.705617557220577,162.04827848956307,3.231721510436927,1886,2026-08-20T18:30:00+00:00,127.32457556030094,196.7719814188252,True
2026-08-20 21:30:00+00:00,2026-08-20 19:30:00+00:00,158.09,155.20107172622676,152.06,12.742053363260133,167.9431250894869,9.853125089486895,1887,2026-08-20T19:00:00+00:00,133.21942216022472,202.66682801874907,True
2026-08-20 22:00:00+00:00,2026-08-20 20:00:00+00:00,142.58,147.11909000343485,136.84,12.70992263644949,159.82901263988433,17.249012639884313,1888,2026-08-20T19:30:00+00:00,125.10530971062217,194.55271556914653,True
2026-08-20 22:30:00+00:00,2026-08-20 20:30:00+00:00,147.41,145.36422140537027,146.75,12.785954396278322,158.1501758016486,10.740175801648604,1889,2026-08-20T20:00:00+00:00,123.42647287238644,192.87387873091075,True
2026-08-20 23:00:00+00:00,2026-08-20 21:00:00+00:00,132.76,144.84315594051836,143.61,12.757848917473252,157.6010048579916,24.841004857991607,1890,2026-08-20T20:30:00+00:00,122.87730192872945,192.32470778725374,True
2026-08-20 23:30:00+00:00,2026-08-20 21:30:00+00:00,143.45,142.2168645046033,141.5,12.803432636181988,155.0202971407853,11.5702971407853,1891,2026-08-20T21:00:00+00:00,120.29659421152314,189.74400007004743,True
2026-08-21 00:00:00+00:00,2026-08-20 22:00:00+00:00,128.46,133.16057845194604,138.11,12.661290356556945,145.82186880850298,17.361868808502976,1892,2026-08-20T21:30:00+00:00,111.09816587924082,180.54557173776516,True
2026-08-21 00:30:00+00:00,2026-08-20 22:30:00+00:00,128.67,117.47147597650726,133.33,12.414691920022191,129.88616789652946,1.2161678965294698,1893,2026-08-20T22:00:00+00:00,95.1624649672673,164.6098708257916,True
2026-08-21 01:00:00+00:00,2026-08-20 23:00:00+00:00,128.61,129.19072129520185,131.01,12.266034869358732,141.45675616456057,12.84675616456056,1894,2026-08-20T22:30:00+00:00,106.73305323529843,176.18045909382275,True
2026-08-21 01:30:00+00:00,2026-08-20 23:30:00+00:00,126.4,111.18582907162804,132.32,11.916945357444897,123.10277442907294,3.2972255709270684,1895,2026-08-20T23:00:00+00:00,88.37907149981079,157.8264773583351,True
2026-08-21 02:00:00+00:00,2026-08-21 00:00:00+00:00,127.34,131.81049389027623,140.67,11.76377369768651,143.57426758796274,16.234267587962734,1896,2026-08-20T23:30:00+00:00,108.85056465870059,178.2979705172249,True
2026-08-21 02:30:00+00:00,2026-08-21 00:30:00+00:00,128.67,112.20009916004972,138.14,11.527727551398923,123.72782671144864,4.942173288551345,1897,2026-08-21T00:00:00+00:00,89.00412378218648,158.45152964071082,True
2026-08-21 03:00:00+00:00,2026-08-21 01:00:00+00:00,133.05,121.164075896208,139.67,11.523007825812382,132.6870837220204,0.3629162779796218,1898,2026-08-21T00:30:00+00:00,97.96338079275823,167.41078665128254,True
2026-08-21 03:30:00+00:00,2026-08-21 01:30:00+00:00,136.21,122.59958658748,140.45,11.349479065691211,133.9490656531712,2.2609343468288046,1899,2026-08-21T01:00:00+00:00,99.22536272390904,168.67276858243335,True
2026-08-21 04:00:00+00:00,2026-08-21 02:00:00+00:00,162.38,123.42682397550786,156.95,11.404886385243417,134.8317103607513,27.548289639248708,1900,2026-08-21T01:30:00+00:00,100.10800743148911,169.55541329001343,True
2026-08-21 04:30:00+00:00,2026-08-21 02:30:00+00:00,156.94,126.66514520818504,158.27,11.177284211721531,137.84242941990658,19.097570580093418,1901,2026-08-21T02:00:00+00:00,103.1187264906444,172.56613234916875,True
2026-08-21 05:00:00+00:00,2026-08-21 03:00:00+00:00,163.48,130.33441435502536,160.26,11.253163404994176,141.58757776001954,21.892422239980448,1902,2026-08-21T02:30:00+00:00,106.86387483075737,176.3112806892817,True
2026-08-21 05:30:00+00:00,2026-08-21 03:30:00+00:00,164.96,135.333214154284,165.91,11.262235169441153,146.59544932372515,18.36455067627486,1903,2026-08-21T03:00:00+00:00,111.87174639446299,181.31915225298732,True
2026-08-21 06:00:00+00:00,2026-08-21 04:00:00+00:00,150.46,135.17286151614314,136.02,11.295900534469641,146.46876205061278,3.9912379493872265,1904,2026-08-21T03:30:00+00:00,111.74505912135062,181.19246497987496,True
2026-08-21 06:30:00+00:00,2026-08-21 04:30:00+00:00,152.44,162.93646014240525,154.62,11.692417399324148,174.6288775417294,22.188877541729397,1905,2026-08-21T04:00:00+00:00,139.90517461246725,209.35258047099154,True
2026-08-21 07:00:00+00:00,2026-08-21 05:00:00+00:00,130.77,143.53280786725884,140.05,11.958830113001737,155.49163798026058,24.721637980260567,1906,2026-08-21T04:30:00+00:00,120.76793505099842,190.21534090952275,True
2026-08-21 07:30:00+00:00,2026-08-21 05:30:00+00:00,131.32,149.40697792931135,150.3,12.262580418522875,161.66955834783423,30.349558347834233,1907,2026-08-21T05:00:00+00:00,126.94585541857208,196.39326127709637,True
2026-08-21 08:00:00+00:00,2026-08-21 06:00:00+00:00,124.85,144.102577673208,138.64,12.511527582503792,156.6141052557118,31.764105255711797,1908,2026-08-21T05:30:00+00:00,121.89040232644963,191.33780818497394,True
2026-08-21 08:30:00+00:00,2026-08-21 06:30:00+00:00,127.48,122.60814466254256,137.04,12.551320964648657,135.15946562719122,7.67946562719122,1909,2026-08-21T06:00:00+00:00,100.43576269792905,169.88316855645337,True
2026-08-21 09:00:00+00:00,2026-08-21 07:00:00+00:00,123.91,128.57026764639258,137.51,12.220889505132043,140.79115715152463,16.881157151524633,1910,2026-08-21T06:30:00+00:00,106.06745422226246,175.51486008078678,True
2026-08-21 09:30:00+00:00,2026-08-21 07:30:00+00:00,124.25,102.72253195886692,138.61,11.862703198670035,114.58523515753696,9.664764842463043,1911,2026-08-21T07:00:00+00:00,79.8615322282748,149.30893808679912,True
2026-08-21 10:00:00+00:00,2026-08-21 08:00:00+00:00,128.04,111.85254876710287,146.13,11.433320569548009,123.28586933665088,4.754130663349116,1912,2026-08-21T07:30:00+00:00,88.56216640738873,158.00957226591305,True
2026-08-21 10:30:00+00:00,2026-08-21 08:30:00+00:00,129.48,106.60272673670168,145.8,10.993382941893753,117.59610967859544,11.88389032140455,1913,2026-08-21T08:00:00+00:00,82.87240674933328,152.31981260785759,True
2026-08-21 11:00:00+00:00,2026-08-21 09:00:00+00:00,130.14,115.18008478496584,147.47,10.905619816610255,126.0857046015761,4.054295398423889,1914,2026-08-21T08:30:00+00:00,91.36200167231392,160.80940753083823,True
2026-08-21 11:30:00+00:00,2026-08-21 09:30:00+00:00,130.53,112.67836999508968,147.11,10.682454780063766,123.36082477515345,7.169175224846555,1915,2026-08-21T09:00:00+00:00,88.63712184589129,158.08452770441562,True
2026-08-21 12:00:00+00:00,2026-08-21 10:00:00+00:00,131.94,117.2589120639214,146.12,10.837937580932403,128.0968496448538,3.843150355146207,1916,2026-08-21T09:30:00+00:00,93.37314671559164,162.82055257411594,True
2026-08-21 12:30:00+00:00,2026-08-21 10:30:00+00:00,130.36,121.81821990441163,140.94,10.914632495532297,132.73285239994394,2.3728523999439233,1917,2026-08-21T10:00:00+00:00,98.00914947068179,167.4565553292061,True
2026-08-21 13:00:00+00:00,2026-08-21 11:00:00+00:00,135.91,121.95891464226509,138.6,11.086138499958714,133.0450531422238,2.8649468577762036,1918,2026-08-21T10:30:00+00:00,98.32135021296165,167.76875607148597,True
2026-08-21 13:30:00+00:00,2026-08-21 11:30:00+00:00,133.46,122.78147681797992,140.44,11.141676067235068,133.923152885215,0.4631528852149813,1919,2026-08-21T11:00:00+00:00,99.19944995595282,168.64685581447714,True
2026-08-21 14:00:00+00:00,2026-08-21 12:00:00+00:00,136.89,123.48276280304816,141.24,11.237875343973098,134.72063814702125,2.1693618529787386,1920,2026-08-21T11:30:00+00:00,99.99693521775912,169.4443410762834,True
2026-08-21 14:30:00+00:00,2026-08-21 12:30:00+00:00,129.02,125.620933755156,138.37,11.287239998945763,136.90817375410177,7.888173754101757,1921,2026-08-21T12:00:00+00:00,102.18447082483961,171.6318766833639,True
2026-08-21 15:00:00+00:00,2026-08-21 13:00:00+00:00,134.3,124.58443143656729,139.41,11.247878885669962,135.83231032223725,1.5323103222372367,1922,2026-08-21T12:30:00+00:00,101.10860739297509,170.55601325149942,True
2026-08-21 15:30:00+00:00,2026-08-21 13:30:00+00:00,124.37000000000002,133.3105208151933,132.58,11.286634219894552,144.59715503508787,20.227155035087847,1923,2026-08-21T13:00:00+00:00,109.8734521058257,179.32085796435,True
2026-08-21 16:00:00+00:00,2026-08-21 14:00:00+00:00,121.78,131.87454239942903,138.86,11.27791585273983,143.15245825216886,21.372458252168855,1924,2026-08-21T13:30:00+00:00,108.42875532290671,177.876161181431,True
2026-08-21 16:30:00+00:00,2026-08-21 14:30:00+00:00,129.42,137.77522029737997,143.77,11.30844350988303,149.083663807263,19.66366380726302,1925,2026-08-21T14:00:00+00:00,114.35996087800083,183.80736673652518,True
2026-08-21 17:00:00+00:00,2026-08-21 15:00:00+00:00,138.23,128.9942387081255,148.55,11.195048339154251,140.18928704727975,1.9592870472797586,1926,2026-08-21T14:30:00+00:00,105.46558411801757,174.9129899765419,True
2026-08-21 17:30:00+00:00,2026-08-21 15:30:00+00:00,151.01,139.04399135820893,145.72,11.173837331493855,150.21782868970277,0.7921713102972205,1927,2026-08-21T15:00:00+00:00,115.49412576044061,184.94153161896494,True
2026-08-21 18:00:00+00:00,2026-08-21 16:00:00+00:00,155.24,126.88587587480856,155.76,10.885461774264446,137.77133764907302,17.46866235092699,1928,2026-08-21T15:30:00+00:00,103.04763471981084,172.4950405783352,True
2026-08-21 18:30:00+00:00,2026-08-21 16:30:00+00:00,157.66,129.08405730528753,156.99,10.584675621897928,139.66873292718546,17.991267072814537,1929,2026-08-21T16:00:00+00:00,104.94502999792329,174.3924358564476,True
2026-08-21 19:00:00+00:00,2026-08-21 17:00:00+00:00,152.1,139.4411607075993,165.34,10.313138096327508,149.75429880392682,2.345701196073179,1930,2026-08-21T16:30:00+00:00,115.03059587466463,184.478001733189,True
2026-08-21 19:30:00+00:00,2026-08-21 17:30:00+00:00,151.78,145.64345584094374,162.76,10.297691959092381,155.94114780003613,4.161147800036133,1931,2026-08-21T17:00:00+00:00,121.21744487077396,190.66485072929828,True
2026-08-21 20:00:00+00:00,2026-08-21 18:00:00+00:00,140.08,154.72223194760838,162.14,10.321610283977511,165.0438422315859,24.963842231585886,1932,2026-08-21T17:30:00+00:00,130.32013930232372,199.767545160848,True
2026-08-21 20:30:00+00:00,2026-08-21 18:30:00+00:00,141.95,151.95521596077688,165.23,10.580138852937258,162.53535481371415,20.58535481371416,1933,2026-08-21T18:00:00+00:00,127.81165188445198,197.2590577429763,True
2026-08-21 21:00:00+00:00,2026-08-21 19:00:00+00:00,140.25,150.2315246705936,165.28,10.838141117927135,161.06966578852072,20.819665788520723,1934,2026-08-21T18:30:00+00:00,126.34596285925858,195.79336871778293,True
2026-08-21 21:30:00+00:00,2026-08-21 19:30:00+00:00,135.37,138.9866226821234,158.09,10.864244105990752,149.85086678811416,14.480866788114156,1935,2026-08-21T19:00:00+00:00,115.12716385885199,184.5745697173763,True
2026-08-21 22:00:00+00:00,2026-08-21 20:00:00+00:00,131.74,136.7720630725081,142.58,10.796464010962703,147.5685270834708,15.828527083470789,1936,2026-08-21T19:30:00+00:00,112.84482415420865,182.29223001273297,True
2026-08-21 22:30:00+00:00,2026-08-21 20:30:00+00:00,127.91,122.00989141924852,147.41,10.43175448015175,132.44164589940027,4.531645899400274,1937,2026-08-21T20:00:00+00:00,97.71794297013811,167.16534882866242,True
2026-08-21 23:00:00+00:00,2026-08-21 21:00:00+00:00,121.56,125.41209351385277,132.76,10.138753694543594,135.55084720839636,13.99084720839636,1938,2026-08-21T20:30:00+00:00,100.8271442791342,170.27455013765854,True
2026-08-21 23:30:00+00:00,2026-08-21 21:30:00+00:00,120.03,123.23154938148492,143.45,9.850293260318288,133.0818426418032,13.051842641803205,1939,2026-08-21T21:00:00+00:00,98.35813971254106,167.80554557106538,True
2026-08-22 00:00:00+00:00,2026-08-21 22:00:00+00:00,123.86,118.40586599223067,128.46,9.657220761522076,128.06308675375274,4.203086753752743,1940,2026-08-21T21:30:00+00:00,93.3393838244906,162.78678968301492,True
2026-08-22 00:30:00+00:00,2026-08-21 22:30:00+00:00,123.73,116.23823937930756,128.67,9.446623417075543,125.6848627963831,1.9548627963830967,1941,2026-08-21T22:00:00+00:00,90.96115986712094,160.40856572564525,True
2026-08-22 01:00:00+00:00,2026-08-21 23:00:00+00:00,115.68,114.52310779854383,128.61,9.395777738347505,123.91888553689134,8.238885536891331,1942,2026-08-21T22:30:00+00:00,89.19518260762918,158.6425884661535,True
2026-08-22 01:30:00+00:00,2026-08-21 23:30:00+00:00,114.34,109.2951308274732,126.4,9.205845639764219,118.50097646723742,4.160976467237418,1943,2026-08-21T23:00:00+00:00,83.77727353797526,153.2246793964996,True
2026-08-22 02:00:00+00:00,2026-08-22 00:00:00+00:00,106.99,111.95390954184371,127.34,9.027963281951726,120.98187282379544,13.991872823795447,1944,2026-08-21T23:30:00+00:00,86.2581698945333,155.7055757530576,True
2026-08-22 02:30:00+00:00,2026-08-22 00:30:00+00:00,104.01,118.17303756921817,128.67,8.976726001553859,127.14976357077202,23.13976357077202,1945,2026-08-22T00:00:00+00:00,92.42606064150985,161.87346650003417,True
2026-08-22 03:00:00+00:00,2026-08-22 01:00:00+00:00,108.81,118.8514063049293,133.05,8.955436347862243,127.80684265279154,18.996842652791543,1946,2026-08-22T00:30:00+00:00,93.08313972352938,162.53054558205372,True
2026-08-22 03:30:00+00:00,2026-08-22 01:30:00+00:00,108.75,110.7538477339113,136.21,8.843630169539416,119.59747790345071,10.84747790345071,1947,2026-08-22T01:00:00+00:00,84.87377497418856,154.32118083271288,True
2026-08-22 04:00:00+00:00,2026-08-22 02:00:00+00:00,105.7,115.2671848198689,162.38,8.789168087711811,124.05635290758072,18.356352907580714,1948,2026-08-22T01:30:00+00:00,89.33264997831856,158.78005583684285,True
2026-08-22 04:30:00+00:00,2026-08-22 02:30:00+00:00,104.71,108.85403766864408,156.94,8.591992945650675,117.44603061429476,12.736030614294762,1949,2026-08-22T02:00:00+00:00,82.7223276850326,152.16973354355693,True
2026-08-22 05:00:00+00:00,2026-08-22 03:00:00+00:00,97.06,110.54811937387451,163.48,8.265758593222339,118.81387796709686,21.753877967096855,1950,2026-08-22T02:30:00+00:00,84.0901750378347,153.537580896359,True
2026-08-22 05:30:00+00:00,2026-08-22 03:30:00+00:00,100.83,118.93615296245548,164.96,8.003292406616055,126.93944536907154,26.109445369071537,1951,2026-08-22T03:00:00+00:00,92.21574243980938,161.66314829833368,True
2026-08-22 06:00:00+00:00,2026-08-22 04:00:00+00:00,85.47,115.79447023596018,150.46,7.859822026241427,123.65429226220161,38.18429226220161,1952,2026-08-22T03:30:00+00:00,88.93058933293945,158.37799519146375,False
2026-08-22 06:30:00+00:00,2026-08-22 04:30:00+00:00,89.42,111.28629753355376,152.44,7.609974490792509,118.89627202434627,29.476272024346272,1953,2026-08-22T04:00:00+00:00,84.1725690950841,153.61997495360842,True
2026-08-22 07:00:00+00:00,2026-08-22 05:00:00+00:00,84.95,109.04793708596898,130.77,7.4414595532817565,116.48939663925074,31.53939663925074,1954,2026-08-22T04:30:00+00:00,81.76569370998858,151.2130995685129,True
2026-08-22 07:30:00+00:00,2026-08-22 05:30:00+00:00,84.67,97.76567313388036,131.32,7.141396337658434,104.90706947153879,20.23706947153879,1955,2026-08-22T05:00:00+00:00,70.18336654227663,139.63077240080094,True
2026-08-22 08:00:00+00:00,2026-08-22 06:00:00+00:00,69.84,102.6075354781447,124.85,6.779427238520434,109.38696271666512,39.54696271666512,1956,2026-08-22T05:30:00+00:00,74.66325978740298,144.1106656459273,False
2026-08-22 08:30:00+00:00,2026-08-22 06:30:00+00:00,55.58,80.9755569776458,127.48,6.247476030753678,87.22303300839947,31.64303300839947,1957,2026-08-22T06:00:00+00:00,52.49933007913732,121.94673593766163,True
2026-08-22 09:00:00+00:00,2026-08-22 07:00:00+00:00,42.52,90.06527483861835,123.91,5.844414443687244,95.90968928230559,53.38968928230559,1958,2026-08-22T06:30:00+00:00,61.18598635304343,130.63339221156778,False
2026-08-22 09:30:00+00:00,2026-08-22 07:30:00+00:00,26.35,83.84282447904376,124.25,5.4151368975606635,89.25796137660441,62.90796137660441,1959,2026-08-22T07:00:00+00:00,54.53425844734227,123.98166430586657,False
2026-08-22 10:00:00+00:00,2026-08-22 08:00:00+00:00,15.090000000000002,86.39063014796434,128.04,5.149751091130535,91.54038123909488,76.45038123909488,1960,2026-08-22T07:30:00+00:00,56.81667830983272,126.26408416835704,False
2026-08-22 10:30:00+00:00,2026-08-22 08:30:00+00:00,13.29,70.33691451647715,129.48,4.60613848548348,74.94305300196064,61.653053001960636,1961,2026-08-22T08:00:00+00:00,40.21935007269847,109.66675593122281,False
2026-08-22 11:00:00+00:00,2026-08-22 09:00:00+00:00,13.730000000000002,62.047084162401255,130.14,4.176010137170796,66.22309429957205,52.49309429957205,1962,2026-08-22T08:30:00+00:00,31.499391370309887,100.94679722883419,False
2026-08-22 11:30:00+00:00,2026-08-22 09:30:00+00:00,12.16,55.07592821490056,130.53,3.434492348398294,58.51042056329885,46.350420563298854,1963,2026-08-22T09:00:00+00:00,23.786717634036695,93.23412349256101,False
2026-08-22 12:00:00+00:00,2026-08-22 10:00:00+00:00,10.4,46.37821390913756,131.94,2.5609895096564785,48.93920341879404,38.53920341879404,1964,2026-08-22T09:30:00+00:00,14.215500489531873,83.6629063480562,False
2026-08-22 12:30:00+00:00,2026-08-22 10:30:00+00:00,9.22,43.87065257316014,130.36,1.5020501405106508,45.37270271367079,36.15270271367079,1965,2026-08-22T10:00:00+00:00,10.648999784408634,80.09640564293295,False
2026-08-22 13:00:00+00:00,2026-08-22 11:00:00+00:00,9.0,51.211181844467085,135.91,0.662645264400344,51.87382710886743,42.87382710886743,1966,2026-08-22T10:30:00+00:00,17.150124179605267,86.59753003812958,False
2026-08-22 13:30:00+00:00,2026-08-22 11:30:00+00:00,9.72,56.56150990408486,133.46,-0.0395673870493933,56.52194251703546,46.801942517035464,1967,2026-08-22T11:00:00+00:00,21.798239587773306,91.24564544629763,False
2026-08-22 14:00:00+00:00,2026-08-22 12:00:00+00:00,20.4,57.71517117234961,136.89,-0.6542772552702177,57.0608939170794,36.6608939170794,1968,2026-08-22T11:30:00+00:00,22.337190987817237,91.78459684634154,False
2026-08-22 14:30:00+00:00,2026-08-22 12:30:00+00:00,31.81,59.00095071053427,129.02,-1.1607095183235372,57.84024119221073,26.030241192210735,1969,2026-08-22T12:00:00+00:00,23.116538262948573,92.5639441214729,True
2026-08-22 15:00:00+00:00,2026-08-22 13:00:00+00:00,31.95,61.53199823116438,134.3,-1.6408481794523726,59.89115005171201,27.94115005171201,1970,2026-08-22T12:30:00+00:00,25.167447122449847,94.61485298097416,True
2026-08-22 15:30:00+00:00,2026-08-22 13:30:00+00:00,59.94,62.748777982022006,124.37000000000002,-2.2224969943092527,60.52628098771275,0.5862809877127546,1971,2026-08-22T13:00:00+00:00,25.802578058450596,95.24998391697491,True
2026-08-22 16:00:00+00:00,2026-08-22 14:00:00+00:00,106.18,66.2873944337097,121.78,-2.862190919267883,63.42520351444181,42.754796485558195,1972,2026-08-22T13:30:00+00:00,28.70150058517965,98.14890644370395,False
2026-08-22 16:30:00+00:00,2026-08-22 14:30:00+00:00,115.27,80.3407232202461,129.42,-3.3561364534100693,76.98458676683603,38.285413233163965,1973,2026-08-22T14:00:00+00:00,42.26088383757388,111.70828969609819,False
2026-08-22 17:00:00+00:00,2026-08-22 15:00:00+00:00,135.21,90.12597601104102,138.23,-3.6978514508626237,86.42812456017839,48.78187543982162,1974,2026-08-22T14:30:00+00:00,51.70442163091624,121.15182748944055,False
2026-08-22 17:30:00+00:00,2026-08-22 15:30:00+00:00,140.33,86.71982635555882,151.01,-4.068947321620192,82.65087903393864,57.679120966061376,1975,2026-08-22T15:00:00+00:00,47.92717610467647,117.3745819632008,False
2026-08-22 18:00:00+00:00,2026-08-22 16:00:00+00:00,151.08,118.9716898177646,155.24,-4.050880524118639,114.92080929364596,36.15919070635405,1976,2026-08-22T15:30:00+00:00,80.19710636438381,149.64451222290813,False
2026-08-22 18:30:00+00:00,2026-08-22 16:30:00+00:00,157.26,159.66097719694213,157.66,-3.4208714929825135,156.2401057039596,1.019894296040377,1977,2026-08-22T16:00:00+00:00,121.51640277469744,190.96380863322176,True
2026-08-22 19:00:00+00:00,2026-08-22 17:00:00+00:00,152.98,147.877793732543,152.1,-2.8710530350767227,145.00674069746628,7.973259302533705,1978,2026-08-22T16:30:00+00:00,110.28303776820411,179.73044362672846,True
2026-08-22 19:30:00+00:00,2026-08-22 17:30:00+00:00,150.58,160.4694446838754,151.78,-2.1835306215883517,158.28591406228705,7.705914062287036,1979,2026-08-22T17:00:00+00:00,123.56221113302489,193.00961699154925,True
2026-08-22 20:00:00+00:00,2026-08-22 18:00:00+00:00,156.35,151.0966086969465,140.08,-1.3836273663978598,149.71298133054864,6.637018669451351,1980,2026-08-22T17:30:00+00:00,114.98927840128648,184.4366842598108,True
