target_start_utc,decision_time_utc,realised_price_gbp_mwh,frozen_prediction_gbp_mwh,previous_settlement_day_reference_gbp_mwh,bias_correction_gbp_mwh,bias_history_rows,bias_history_latest_target_utc,adaptive_prediction_gbp_mwh,row_sha256,chain_sha256
2026-08-21T11:30:00Z,2026-08-21T09:30:00Z,130.530000000,112.678369995,147.110000000,9.421647666,96,2026-08-21T09:00:00Z,122.100017662,61c9b53e02c6d50017907fc5864b47efabc10d79407d5c3f51d12dc23e99251a,da456a8e53f7e93ed7610bc3446bb7287eaf213969e07b2db2f0fb1b50220a4a
2026-08-21T12:00:00Z,2026-08-21T10:00:00Z,131.940000000,117.258912064,146.120000000,9.557987393,96,2026-08-21T09:30:00Z,126.816899456,bb5fdf063f4f3844dc6db4665e9f72d57cd643325235bb5451cab825735689df,043706ecff241f2008a0092d6877a9b01d4424fa4384ea831b1627e98b309e04
2026-08-21T12:30:00Z,2026-08-21T10:30:00Z,130.360000000,121.818219904,140.940000000,9.853069641,96,2026-08-21T10:00:00Z,131.671289546,57f8337c171a3b2984e5addb5660b2a1235bdc9083c45105687c7806b3592060,57f46a8278df683e92914abe5e790da881ec8297cb8c21a9d32f32fb3b674d2b
2026-08-21T13:00:00Z,2026-08-21T11:00:00Z,135.910000000,121.958914642,138.600000000,9.930351992,96,2026-08-21T10:30:00Z,131.889266635,ea0e5157b1265d67f653c36d9e7013f2c45d9dd1504064b82586955b8d1f39df,384ddd08f556f79a6cf0148dd44597b36153c6e45e0f2734d3cd8dfc04642313
2026-08-21T13:30:00Z,2026-08-21T11:30:00Z,133.460000000,122.781476818,140.440000000,9.915482920,96,2026-08-21T11:00:00Z,132.696959738,02abfef79e590e367ad6d0364be4b9c7c4b53870428a065a95550bb2f16fa42d,5d16e10bdf8ef5cde3c83759d0430cfab8f61afc6bdb3f74a571d9a3c29bac98
2026-08-21T14:00:00Z,2026-08-21T12:00:00Z,136.890000000,123.482762803,141.240000000,9.898524628,96,2026-08-21T11:30:00Z,133.381287431,c5c4ca52229425f002bd8cbf657779b6308285c1d4436302d9e5ba3dc943a5e9,b27a99b21466c8a4cbf58d29ad9c980a174b278cee1a741582a978af747789f2
2026-08-21T14:30:00Z,2026-08-21T12:30:00Z,129.020000000,125.620933755,138.370000000,9.845648935,96,2026-08-21T12:00:00Z,135.466582690,2a86b2ce65797f4074ec1c74f29efb172619d76ba1494fae3c1f54ee3a34826a,eb7a47cfc2e452f91b2d15405e5eba870c1f10eb6ceb4ae1ec7ce9e5a655efac
2026-08-21T15:00:00Z,2026-08-21T13:00:00Z,134.300000000,124.584431437,139.410000000,9.669928130,96,2026-08-21T12:30:00Z,134.254359567,4cee8621754344d824167befd1e090d36e28e729887407358f92dba1acee7855,8f0ccc59725740265a59fbf8c1f534bc23cfb8702465f77eb776542c526e18e6
2026-08-21T15:30:00Z,2026-08-21T13:30:00Z,124.370000000,133.310520815,132.580000000,9.626476015,96,2026-08-21T13:00:00Z,142.936996830,72ca4703bc9cc28036781cec5c48f6a7c6e601f5a3cb5e339afe2463d29ebf47,f857a1f7f069961624cc3cb5d1f4e544e942d06658882ed56f519b09429257c6
2026-08-21T16:00:00Z,2026-08-21T14:00:00Z,121.780000000,131.874542399,138.860000000,9.642179068,96,2026-08-21T13:30:00Z,141.516721468,22f6eb77094b30c4a0c55fa82f4949ee6a8fa1e32a86447529b03e50ab510fd4,75e8efc07d99b84eeb33d39679681109aae82b83d7457d93f742e4cd34d15eb8
2026-08-21T16:30:00Z,2026-08-21T14:30:00Z,129.420000000,137.775220297,143.770000000,9.566919635,96,2026-08-21T14:00:00Z,147.342139932,5e73ee1c0ac739d47a604745623dc7998c412498f2fdf092044bf1f5b0d4b7fc,5cdf43a701530d330901fb699597bd2615a77d8a232ffe5b8ab498386f888283
2026-08-21T17:00:00Z,2026-08-21T15:00:00Z,138.230000000,128.994238708,148.550000000,9.398544254,96,2026-08-21T14:30:00Z,138.392782962,ed9177eaa1ff2a7dcda6433413acaaa670d6e74f3583f6d419ce15eb45308152,e9243a3cbb1223b29054f041a408cfe0dab826c8da6c8a3f0da3f7b553eb34d7
2026-08-21T17:30:00Z,2026-08-21T15:30:00Z,151.010000000,139.043991358,145.720000000,9.238752543,96,2026-08-21T15:00:00Z,148.282743901,1d6a280c61829080537720205011c451cc35f075e7ff82ad23e25aa2adec3cc8,5852d70b1a18acc0ff9ae46de71c372fc9d8878e8e2ecab8d2b2427dae997745
2026-08-21T18:00:00Z,2026-08-21T16:00:00Z,155.240000000,126.885875875,155.760000000,8.922978041,96,2026-08-21T15:30:00Z,135.808853916,9c5b38fbb1705171bf6abf95a53e707188c7d5879e7e0cfce73d87875c093b60,185a7d64d742e35575186986b27608bc4e05c273e2c5fb2badf04451b1638702
2026-08-21T18:30:00Z,2026-08-21T16:30:00Z,157.660000000,129.084057305,156.990000000,8.582057459,96,2026-08-21T16:00:00Z,137.666114764,cc47d67f7e0b98bdeaa8ff1833a9f1f48ea204aa94842ef5eb5f84f3b86310f9,4eff4542aa9dc351f1be53f51a48bdd1658bd131f83896e97363b4fd3c956f1f
2026-08-21T19:00:00Z,2026-08-21T17:00:00Z,152.100000000,139.441160708,165.340000000,8.362043598,96,2026-08-21T16:30:00Z,147.803204305,8ce362d7c8308e61f33cfee643a40780b45731824363ffa90570a7045c3ae2ae,33832b38dfa4f9b3e5e45e9c6bcc7a2f890e15760963b3a87d877b78d441af60
2026-08-21T19:30:00Z,2026-08-21T17:30:00Z,151.780000000,145.643455841,162.760000000,8.307735163,96,2026-08-21T17:00:00Z,153.951191004,c7de511362ba2aecd7635facb11dc4609139e661c27f49b3d4b59067546e81bd,766a656e7286d5742c586a6177562e0020fb3790c0d56b011517fd894dda4c63
2026-08-21T20:00:00Z,2026-08-21T18:00:00Z,140.080000000,154.722231948,162.140000000,8.318567340,96,2026-08-21T17:30:00Z,163.040799288,d8c5ede3293b89739bf57ff87ec76a27f58f2f180866afe6fb6e4e49aa917061,5812347c741332ce2b817ff4b0c17df05dd04fbca3536f0048d9870a3dea39c6
2026-08-21T20:30:00Z,2026-08-21T18:30:00Z,141.950000000,151.955215961,165.230000000,8.319441577,96,2026-08-21T18:00:00Z,160.274657538,61f007474e45f87432823ae8ef5dd6b613f3316ea31c3f759ccf942c55f507d6,c48b7358b1bb4a556efc21c91c45c254f758cfa49a541275a139af5927b5d9e7
2026-08-21T21:00:00Z,2026-08-21T19:00:00Z,140.250000000,150.231524671,165.280000000,8.552722513,96,2026-08-21T18:30:00Z,158.784247184,fe3b53e0a8a3eda969169d9f628694754566038101338b380aab9fca51abed9f,bc3c61a08d779425a2705f673f36c90bf08990c06346a0c6aaf95402a12094e5
2026-08-21T21:30:00Z,2026-08-21T19:30:00Z,135.370000000,138.986622682,158.090000000,8.658378714,96,2026-08-21T19:00:00Z,147.645001396,26baff02ff7925f15475b4987670ce8e8018d6efcbf6ea6a3e39965d7836ea75,6340016a860ed59e91904362673109330e8fb9587f14adadc3a0073d1e2cd05c
2026-08-21T22:00:00Z,2026-08-21T20:00:00Z,131.740000000,136.772063073,142.580000000,8.641024511,96,2026-08-21T19:30:00Z,145.413087584,71a4ab289dea7bca5ddb35149568fd945f2d9d001bb0873e5f61cce0807a47ea,b37d04c2eb3dece14dd1d8b9119064e17b91c87bbde40076d0724ca3c1d6be6e
2026-08-21T22:30:00Z,2026-08-21T20:30:00Z,127.910000000,122.009891419,147.410000000,8.518091837,96,2026-08-21T20:00:00Z,130.527983257,4a8901d104acd4c60eddfa745c39c9358ce24bb44ac83a8be219e26655072a20,6f36da12691fb7f88f6366373b36313f3cb6aaa05e3882117d4e38a047a0a0e0
2026-08-21T23:00:00Z,2026-08-21T21:00:00Z,121.560000000,125.412093514,132.760000000,8.520968338,96,2026-08-21T20:30:00Z,133.933061852,ea4ede4d6e34c9728e9ae565b5cd7344632b50bfbfd28f3da48dd4feec2c950f,00280d404272f21ede7c051a0706baa74d7782613fbd0cf7320c74968658d562
2026-08-21T23:30:00Z,2026-08-21T21:30:00Z,120.030000000,123.231549381,143.450000000,8.414451363,96,2026-08-21T21:00:00Z,131.646000744,bf25b577d68945be53b78ef787bb19bacc43b7d37989a62d7f39731a4f2f342a,748c6c73723276cdfa48b0bf2e9c8953cac53e0e52d8954a6e75cccef377cc33
2026-08-22T00:00:00Z,2026-08-21T22:00:00Z,123.860000000,118.405865992,128.460000000,8.371154818,96,2026-08-21T21:30:00Z,126.777020811,fed02b466d59b063e4fe1beb7f08af59fb68b5000bc00f365bfef7cc041e7047,bfee522fda396db78b7a72850017bfaabe010084d323b07d8725c35193fa3939
2026-08-22T00:30:00Z,2026-08-21T22:30:00Z,123.730000000,116.238239379,128.670000000,8.484630943,96,2026-08-21T22:00:00Z,124.722870322,f4636f2884c386307eaa8969c990c924e6583e4f4d47d820a908dfcaacfe25e9,1e99e7b06afe4bdfa71fab8a9a6a57169ab2e3285e2b2ecd32bee2ce95e69179
2026-08-22T01:00:00Z,2026-08-21T23:00:00Z,115.680000000,114.523107799,128.610000000,8.486476478,96,2026-08-21T22:30:00Z,123.009584277,98e573e5fa897fedbdcfb440cf41ed18fb911024531633a98f1a1af3f1b1a710,417f691be72e251d8fad7469eb6a07cb7e55107e422ded6e8702ee3ad0b6485b
2026-08-22T01:30:00Z,2026-08-21T23:30:00Z,114.340000000,109.295130827,126.400000000,8.375422954,96,2026-08-21T23:00:00Z,117.670553782,787aa6c474a21ef23d9c74ce2b2f141b222d3edae3eace6a0921c8afcf2e6ddd,509c7f9583d32da60a780d5d9456a7c629b3f6da2e7a82304dc996d5ad2d9514
2026-08-22T02:00:00Z,2026-08-22T00:00:00Z,106.990000000,111.953909542,127.340000000,8.296843578,96,2026-08-21T23:30:00Z,120.250753120,18a126746d28bff211f7e64740787d9485d6284c5149ed1849d37b91e167c0d2,bf469253ab7d28b41d7f8ffedc709829bb259ba93bd8f74128e2c2f8bd5aacea
2026-08-22T02:30:00Z,2026-08-22T00:30:00Z,104.010000000,118.173037569,128.670000000,8.268344003,96,2026-08-22T00:00:00Z,126.441381573,f4f4dc98f139aa78fce4d04adc61339c233720148b8d78f29d2a68f0edc1b02d,c90f6c087c5eaf8c596b5ebd1c9861b0709f1490ee6f5f3afd7f6126c07e708d
2026-08-22T03:00:00Z,2026-08-22T01:00:00Z,108.810000000,118.851406305,133.050000000,8.159831851,96,2026-08-22T00:30:00Z,127.011238156,97957287f7b54e554fa898b2d1f4cbd53524c8c0996be5e01367f1033af10110,1998a48e4fce1ada12ef98200e84f19eb2ee1af911d4d3027fab60bb6e095816
2026-08-22T03:30:00Z,2026-08-22T01:30:00Z,108.750000000,110.753847734,136.210000000,8.206590185,96,2026-08-22T01:00:00Z,118.960437918,0c862c010c993f8c61312abbd25096e01b6b6f8deca67976ff6ba8eb20f15ccc,70b1495bc29e4fb7f37b6f032473a9cc669303ab404d08f07c2b5976e791dfe8
2026-08-22T04:00:00Z,2026-08-22T02:00:00Z,105.700000000,115.267184820,162.380000000,8.215823867,96,2026-08-22T01:30:00Z,123.483008687,6c7c32ab791e6db1745caa38cd9b4908949ac1bc71e7dbeffcde741afa8469e1,767d730ee3aab7aeee5e979d0eb5e0a159830b29e2bafb0c953263f0d5616743
2026-08-22T04:30:00Z,2026-08-22T02:30:00Z,104.710000000,108.854037669,156.940000000,8.038897855,96,2026-08-22T02:00:00Z,116.892935524,a0acf88ec6bd3dd41233829e74ba32bb5b9c261c76ed8fb0a8883c995ba3b742,329a62c08fd03e92535298ee6d6323b568778f2bfe4c8dad52b8381ca816a1c5
2026-08-22T05:00:00Z,2026-08-22T03:00:00Z,97.060000000,110.548119374,163.480000000,7.772109550,96,2026-08-22T02:30:00Z,118.320228923,829553ad44d47d6abacfa5f7bea75ea06c27e807ce922b82e543e5004ca0fe58,92982985ca79b9fff29eae56c9e179c573e6e2ebd5bc78920b8f290a97a6db52
2026-08-22T05:30:00Z,2026-08-22T03:30:00Z,100.830000000,118.936152962,164.960000000,7.513222045,96,2026-08-22T03:00:00Z,126.449375007,bb51feadf3cb816c43f5d2b45c74e1d3a976e5bc980d6f454365de1a84eba969,5b33a5b38735fa2f42118fda364e0fee13a2be60f6dd63a8c778d80be44fbd8a
2026-08-22T06:00:00Z,2026-08-22T04:00:00Z,85.470000000,115.794470236,150.460000000,7.331490546,96,2026-08-22T03:30:00Z,123.125960782,a0486ac420c9b93d4e635fe8293ed392843979453a4f29c3b049c1c20641add4,169be386b63935f9c9b260312340b56ad234f71120cea1cb31c4c5b63d937b65
2026-08-22T06:30:00Z,2026-08-22T04:30:00Z,89.420000000,111.286297534,152.440000000,6.957618659,96,2026-08-22T04:00:00Z,118.243916192,6688f65effb9dfe1d653ea3d4e88ac9d89e96a5b2dd2bd5bfc146c64a07400cb,0af4a56755f141dadacbf504467684861c890b14a64c92c85354ee0af8f84793
2026-08-22T07:00:00Z,2026-08-22T05:00:00Z,84.950000000,109.047937086,130.770000000,6.738167280,96,2026-08-22T04:30:00Z,115.786104366,02efa173352608415d78a116cecbc5d9a2ab7778b87f2f30f024b9613971b644,6b90a2bfd8a3f874e161d03f15f0359b32cf2c1c6b31dfeff5135a05d5268da9
2026-08-22T07:30:00Z,2026-08-22T05:30:00Z,84.670000000,97.765673134,131.320000000,6.354081510,96,2026-08-22T05:00:00Z,104.119754643,5f05c3c840642d36c5f3da80ee80cbb2dc982ab6e5fcb1c6b945177dc75fede9,5723370abf7ed14d2674954b12ee9d379704030aaf2d859b2aeae6c792184863
2026-08-22T08:00:00Z,2026-08-22T06:00:00Z,69.840000000,102.607535478,124.850000000,5.895581546,96,2026-08-22T05:30:00Z,108.503117024,31779bb88207b15a5b5e2d6413bf68bf4e931117444c7f952d06c7db83720b13,fcd449d4e754a94e5a64c9986fe17791d2a34ffd17c6fafc1a495d47d88a597c
2026-08-22T08:30:00Z,2026-08-22T06:30:00Z,55.580000000,80.975556978,127.480000000,5.605366476,96,2026-08-22T06:00:00Z,86.580923453,490adabd707ab78ec990f4c558d510a2a93146155c8f0b26054c9c7bd52dcbed,d0dd4aad84e77e754b2f3a609f3276eead8146a67347ce67a1200ecc7272799e
2026-08-22T09:00:00Z,2026-08-22T07:00:00Z,42.520000000,90.065274839,123.910000000,5.390780634,96,2026-08-22T06:30:00Z,95.456055473,42b5d64b94863a307ea8976e48802b0dfb8e0bff05769451dba0ec0ed5d08628,e643943cda0cf79f27852fb5fb325420015349b3c900f10b44ccfc7b8d948a79
2026-08-22T09:30:00Z,2026-08-22T07:30:00Z,26.350000000,83.842824479,124.250000000,5.234624947,96,2026-08-22T07:00:00Z,89.077449426,65805ca6557434282713e34a6bc16c238da0299c95d5fffd21fed353abaf7e0d,a012680e9e7a0546ecfdf79fbe285909115b34fc4443446d4082489c48bb0843
2026-08-22T10:00:00Z,2026-08-22T08:00:00Z,15.090000000,86.390630148,128.040000000,5.083096749,96,2026-08-22T07:30:00Z,91.473726897,7bf6532a434d2c95648e67a81860dc975071e49138a478a8d2d60a93232d7509,e474a3569c20bf325c37c006ae386c359836f6eb7e98048ed83bde5fc2ab6611
2026-08-22T10:30:00Z,2026-08-22T08:30:00Z,13.290000000,70.336914516,129.480000000,4.874258553,96,2026-08-22T08:00:00Z,75.211173069,6f56917f8cdd47b83719859ba71f35ab4109bd3aad8e891948245c470a7442b4,d1dc0a7729a62f6b8511d83ce76acaf0bb56705c55c0dd66cc0f9368a9241498
2026-08-22T11:00:00Z,2026-08-22T09:00:00Z,13.730000000,62.047084162,130.140000000,4.342177079,96,2026-08-22T08:30:00Z,66.389261241,b9de41b94ac3e9e8051756495fe924efef11fa45ae3ad20a2e5437131df3727e,429b7753447745caab6a1f84b11d0f9aec0d4cd5da5a9f0d2003dc4fa5ecef58
2026-08-22T11:30:00Z,2026-08-22T09:30:00Z,12.160000000,55.075928215,130.530000000,3.893896796,96,2026-08-22T09:00:00Z,58.969825011,455bddee720e991e55ec759229836bfc150649ae39c8f7c366ec924b88c123fc,b8149d5c63f42527c78aba39cf96b7a7a9f9d7c858abcd6eeb05bcfea48ca1e5
2026-08-22T12:00:00Z,2026-08-22T10:00:00Z,10.400000000,46.378213909,131.940000000,3.074499460,96,2026-08-22T09:30:00Z,49.452713369,f3e57e33f9b7fac437a76395a34962c9f9d4b36ed666c721ce3abd9d3ca6fb8b,0c53b896a6582ed8037e08d8c12c21a5ec80ab4c1fbcbea09459b6d954b8807e
2026-08-22T12:30:00Z,2026-08-22T10:30:00Z,9.220000000,43.870652573,130.360000000,2.213954769,96,2026-08-22T10:00:00Z,46.084607342,559d26317b1af603cdaa074b67f965ce2f10ea58b1061e857f2a2fac9323c027,f17ffb06aa86665805f3f09bc54466c5a4fe04d1b9fb8a91f22f164a4b6e5f4a
2026-08-22T13:00:00Z,2026-08-22T11:00:00Z,9.000000000,51.211181844,135.910000000,1.324944711,96,2026-08-22T10:30:00Z,52.536126556,00a934c905c7d8677541585b0e78881d6ae971e13574a44f8f50d05e9cd38ebb,f9e998009ea10cc26bb93c0ace98e1d60adcd106344961a0d61b0aa2f007595e
2026-08-22T13:30:00Z,2026-08-22T11:30:00Z,9.720000000,56.561509904,133.460000000,0.563930157,96,2026-08-22T11:00:00Z,57.125440061,5cefa93440ebc2b6eb1d3c21c36877795f4fa4935235101045c6b24d89c80f77,2e1a3d8cd9a674ecec7904da5dfb30d1c9d2773c377bbc26330d2406e342132b
2026-08-22T14:00:00Z,2026-08-22T12:00:00Z,20.400000000,57.715171172,136.890000000,-0.129248963,96,2026-08-22T11:30:00Z,57.585922209,6ade67f31a9e1e65913996b61ca689e002e9fad015d3785d4cdf4d7b50ec35c1,d1666b6d6dd7cc9440fcdfaf31d4f58dff86634ab142b6168e5fad34809dc10e
2026-08-22T14:30:00Z,2026-08-22T12:30:00Z,31.810000000,59.000950711,129.020000000,-0.723693555,96,2026-08-22T12:00:00Z,58.277257156,0b866d35d800e69f770a7b6a95c43c19833b44cb65f6f115c34f76cd78e6cea5,691b7b60268a19305fe54c61f936beee173e1cd180698193a224d18aa48d5e29
2026-08-22T15:00:00Z,2026-08-22T13:00:00Z,31.950000000,61.531998231,134.300000000,-1.157154858,96,2026-08-22T12:30:00Z,60.374843373,a252640e1adc81ceddea9ca20ea5b01ce2acd4f50079c47d5b5529ed15d4e6e4,2ba4c0a33d1a869f991ddc1f0c1067629e2874ab3a552e513aa744774ada36cc
2026-08-22T15:30:00Z,2026-08-22T13:30:00Z,59.940000000,62.748777982,124.370000000,-1.690176886,96,2026-08-22T13:00:00Z,61.058601096,0537b8f4e090f0f929b7ab2248c1dbe09507e996ab08f6b929dc0a52238c32c9,8cf31662a8feef6009405afa6358f3d666aa73d3ce85535071217b14ce7b1e0b
2026-08-22T16:00:00Z,2026-08-22T14:00:00Z,106.180000000,66.287394434,121.780000000,-2.260757557,96,2026-08-22T13:30:00Z,64.026636877,68be397558b956ce0eb24d1c500113e7fb730644ece4c6f6e28e30281f525e8a,6afc895be348b48e266c15b00454a189bf203af15032ab9e899186b274f2f69b
2026-08-22T16:30:00Z,2026-08-22T14:30:00Z,115.270000000,80.340723220,129.420000000,-2.731443836,96,2026-08-22T14:00:00Z,77.609279384,d9ae6be21237fd8f479438439529caecd7fdb9e06e62aac6d2812bb48d736617,50cc63132f200a020a3d9f1abbf81cf18dbeb2e23afe32a6c4f73ebe9b350c27
2026-08-22T17:00:00Z,2026-08-22T15:00:00Z,135.210000000,90.125976011,138.230000000,-3.075107900,96,2026-08-22T14:30:00Z,87.050868111,0d05c8f99f374ab1539b6144d8c44b8862f02277773fceee6c604bf03e0d3d84,4ad603dd1715fc6efb0037ca1957f38738cbe13b73ce141037e7f6fce552591e
2026-08-22T17:30:00Z,2026-08-22T15:30:00Z,140.330000000,86.719826356,151.010000000,-3.499418966,96,2026-08-22T15:00:00Z,83.220407390,96ab7ddbcdbce8f8e65ef84e0b14911f3c9c4e63c4f0ec2519c1cec61f93391c,3fda57c50766cd382ef881f87adac40a10a0f8ca609a385f6f7f5df3e3ab198e
2026-08-22T18:00:00Z,2026-08-22T16:00:00Z,151.080000000,118.971689818,155.240000000,-3.566293423,96,2026-08-22T15:30:00Z,115.405396395,338b5ef009071b435e67bc704ac049f93c42c737c4b5eae46ddac43f6097fb71,4fa4963116180b6470534a8be22b1c576ce892c8a48cd8875809a2c713e01586
2026-08-22T18:30:00Z,2026-08-22T16:30:00Z,157.260000000,159.660977197,157.660000000,-3.181041253,96,2026-08-22T16:00:00Z,156.479935944,95d8143d4fd045f9a4c43260ff93ae3b9cdb1ee9d26a76e9da3b64b81f71fdf3,d0ca1006456202e3a44c14cca60e6ace0ab1c6676b39ad8fc392fb1e26f39a40
2026-08-22T19:00:00Z,2026-08-22T17:00:00Z,152.980000000,147.877793733,152.100000000,-2.859645372,96,2026-08-22T16:30:00Z,145.018148360,08a6dde9ae7baf05dee4981b2568ffbb1b24efb7ad70becc4f6e130d8c90a310,a45a1512ca8728f4429d9159470bf1a5f2fcfafc80086cff6be3770bbabea928
2026-08-22T19:30:00Z,2026-08-22T17:30:00Z,150.580000000,160.469444684,151.780000000,-2.483773806,96,2026-08-22T17:00:00Z,157.985670877,819bf96e93f65f37444fbac4788b20b73c76916b2a5f358de83157da544cb616,e09e650f706b67a4d87661af07e1e9b965480c6182efb2045c0391799ca0163c
2026-08-22T20:00:00Z,2026-08-22T18:00:00Z,156.350000000,151.096608697,140.080000000,-1.946418082,96,2026-08-22T17:30:00Z,149.150190615,c7f3e07479a540312e34f82a54ca8b51fee8e2fe693717272ed69c1a4aed808b,b618989dcd02f066cc3e6e38444ceb06eee549820a675d4142ed45094d33ba00
